CustomerID,Recency,Frequency,Monetary,R_score,F_score,M_score,RFM_score,Segment
12346,164,1,77183.6,1,1,5,7,Low Value
12347,22,71,1494.16,4,4,5,13,High Value
12348,87,11,594.44,2,1,3,6,Low Value
12350,149,17,334.4,1,2,2,5,Lost
12352,101,38,1561.81,2,3,5,10,Medium Value
12353,43,4,89.0,3,1,1,5,Lost
12354,71,58,1079.4,2,4,4,10,Medium Value
12355,53,13,459.4,3,2,3,8,Low Value
12356,84,57,2753.08,2,4,5,11,Medium Value
12359,28,143,3495.73,4,5,5,14,High Value
12360,39,45,1083.58,3,4,4,11,Medium Value
12361,126,10,189.9,1,1,1,3,Lost
12362,64,56,974.34,2,4,4,10,Medium Value
12363,81,16,299.1,2,2,2,6,Low Value
12365,130,22,641.38,1,3,3,7,Low Value
12370,113,48,938.39,1,4,4,9,Medium Value
12372,51,39,914.9200000000001,3,4,4,11,Medium Value
12373,150,14,364.6,1,2,3,6,Low Value
12377,154,34,626.6,1,3,3,7,Low Value
12379,9,20,459.84,5,2,3,10,Medium Value
12380,24,36,607.5500000000001,4,3,3,10,Medium Value
12383,23,62,1249.84,4,4,4,12,High Value
12386,176,2,143.0,1,1,1,3,Lost
12388,114,35,766.25,1,3,4,8,Low Value
12393,84,39,1061.1000000000001,2,4,4,10,Medium Value
12394,56,21,381.08,3,2,3,8,Low Value
12395,1,58,1053.7,5,4,4,13,High Value
12399,22,47,899.03,4,4,4,12,High Value
12401,142,5,84.3,1,1,1,3,Lost
12402,162,11,225.6,1,1,2,4,Lost
12406,22,49,1621.25,4,4,5,13,High Value
12407,74,27,495.96,2,3,3,8,Low Value
12408,14,65,1491.77,5,4,5,14,High Value
12409,21,64,6207.08,4,4,5,13,High Value
12410,147,26,693.3299999999999,1,3,4,8,Low Value
12412,8,28,514.5,5,3,3,11,Medium Value
12413,75,28,563.9,2,3,3,8,Low Value
12414,56,18,562.41,3,2,3,8,Low Value
12415,16,415,74310.71,5,5,5,15,High Value
12417,26,81,1606.93,4,5,5,14,High Value
12421,12,25,396.8,5,3,3,11,Medium Value
12422,7,31,655.86,5,3,3,11,Medium Value
12423,30,80,1213.76,4,5,4,13,High Value
12424,1,30,1760.96,5,3,5,13,High Value
12426,33,30,582.73,4,3,3,10,Medium Value
12428,81,235,6310.54,2,5,5,12,High Value
12429,11,50,1563.38,5,4,5,14,High Value
12431,39,107,2384.58,3,5,5,13,High Value
12432,9,76,4016.66,5,5,5,15,High Value
12434,99,16,286.25,2,2,2,6,Low Value
12435,106,19,3978.9900000000002,2,2,5,9,Medium Value
12437,16,88,2476.73,5,5,5,15,High Value
12444,10,90,1870.2,5,5,5,15,High Value
12447,82,26,476.49,2,3,3,8,Low Value
12449,26,48,858.9300000000001,4,4,4,12,High Value
12450,12,6,101.88,5,1,1,7,Low Value
12451,57,195,5307.82,3,5,5,13,High Value
12455,28,55,1963.3,4,4,5,13,High Value
12456,93,41,940.1700000000001,2,4,4,10,Medium Value
12457,72,26,1067.25,2,3,4,9,Medium Value
12458,123,19,441.92,1,2,3,6,Low Value
12462,142,40,762.11,1,4,4,9,Medium Value
12463,14,61,985.79,5,4,4,13,High Value
12464,39,15,544.8499999999999,3,2,3,8,Low Value
12465,8,26,440.94,5,3,3,11,Medium Value
12468,26,38,729.5400000000001,4,3,4,11,Medium Value
12471,49,103,4522.96,3,5,5,13,High Value
12472,18,136,2684.2,4,5,5,14,High Value
12473,30,34,661.6899999999999,4,3,3,10,Medium Value
12474,5,177,3191.14,5,5,5,15,High Value
12476,57,83,2432.65,3,5,5,13,High Value
12477,78,109,4576.97,2,5,5,12,High Value
12480,106,77,1587.27,2,5,5,12,High Value
12481,18,134,3293.92,4,5,5,14,High Value
12483,22,39,1314.6100000000001,4,4,5,13,High Value
12484,15,159,2276.66,5,5,5,15,High Value
12489,175,15,334.93,1,2,2,5,Lost
12490,11,80,1679.78,5,5,5,15,High Value
12493,4,22,433.74,5,3,3,11,Medium Value
12494,35,37,653.09,4,3,3,10,Medium Value
12500,7,27,1395.8400000000001,5,3,5,13,High Value
12501,175,149,2169.39,1,5,5,11,Medium Value
12502,56,77,1842.65,3,5,5,13,High Value
12506,71,23,73.5,2,3,1,6,Low Value
12507,137,13,446.16,1,2,3,6,Low Value
12509,123,7,176.5,1,1,1,3,Lost
12510,164,29,681.05,1,3,4,8,Low Value
12514,106,51,1017.68,2,4,4,10,Medium Value
12516,19,13,583.2,4,2,3,9,Medium Value
12517,29,132,749.7,4,5,4,13,High Value
12520,43,102,1697.56,3,5,5,13,High Value
12523,91,32,500.19,2,3,3,8,Low Value
12524,1,116,3122.48,5,5,5,15,High Value
12527,133,15,284.92,1,2,2,5,Lost
12528,115,44,771.66,1,4,4,9,Medium Value
12530,72,27,805.0,2,3,4,9,Medium Value
12535,25,18,371.45,4,2,3,9,Medium Value
12539,101,230,4517.69,2,5,5,12,High Value
12540,25,188,5621.51,4,5,5,14,High Value
12541,12,28,536.14,5,3,3,11,Medium Value
12545,98,34,628.15,2,3,3,8,Low Value
12547,36,8,207.79999999999998,4,1,2,7,Low Value
12548,5,5,95.19999999999999,5,1,1,7,Low Value
12553,43,97,1734.62,3,5,5,13,High Value
12557,95,9,4234.62,2,1,5,8,Low Value
12559,149,21,561.71,1,2,3,6,Low Value
12561,141,16,238.85,1,2,2,5,Lost
12562,15,49,955.23,5,4,4,13,High Value
12564,100,21,456.9,2,2,3,7,Low Value
12565,127,9,145.92,1,1,1,3,Lost
12567,18,193,4164.72,4,5,5,14,High Value
12569,1,55,1401.74,5,4,5,14,High Value
12573,66,28,160.54000000000002,2,3,1,6,Low Value
12574,154,11,218.45,1,1,2,4,Lost
12576,57,30,421.65,3,3,3,9,Medium Value
12578,169,70,1608.66,1,4,5,10,Medium Value
12580,85,24,415.7,2,3,3,8,Low Value
12582,77,22,511.36,2,3,3,8,Low Value
12583,10,101,2804.0099999999998,5,5,5,15,High Value
12584,24,27,622.74,4,3,3,10,Medium Value
12585,73,22,777.25,2,3,4,9,Medium Value
12590,50,68,9864.26,3,4,5,12,High Value
12591,156,26,452.84999999999997,1,3,3,7,Low Value
12592,52,9,231.8,3,1,2,6,Low Value
12593,57,11,236.0,3,1,2,6,Low Value
12594,22,71,1807.95,4,4,5,13,High Value
12596,81,15,269.95,2,2,2,6,Low Value
12597,22,78,1428.81,4,5,5,14,High Value
12598,59,47,1285.74,3,4,4,11,Medium Value
12599,3,37,598.14,5,3,3,11,Medium Value
12600,43,24,1041.16,3,3,4,10,Medium Value
12601,28,28,577.0600000000001,4,3,3,10,Medium Value
12604,100,10,178.5,2,1,1,4,Lost
12609,25,43,800.73,4,4,4,12,High Value
12613,36,74,1462.52,4,5,5,14,High Value
12614,116,20,315.6,1,2,2,5,Lost
12615,7,31,634.74,5,3,3,11,Medium Value
12616,136,11,255.6,1,1,2,4,Lost
12619,73,12,631.66,2,2,3,7,Low Value
12620,43,33,561.66,3,3,3,9,Medium Value
12621,15,205,6655.52,5,5,5,15,High Value
12622,71,11,180.1,2,1,1,4,Lost
12623,115,18,305.1,1,2,2,5,Lost
12624,16,19,299.94,5,2,2,9,Medium Value
12625,50,86,2683.82,3,5,5,13,High Value
12626,1,103,2088.84,5,5,5,15,High Value
12633,35,72,1729.55,4,5,5,14,High Value
12637,78,145,2387.15,2,5,5,12,High Value
12639,77,22,486.1,2,3,3,8,Low Value
12643,11,16,2142.42,5,2,5,12,High Value
12645,58,36,798.9,3,3,4,10,Medium Value
12647,38,26,1108.71,3,3,4,10,Medium Value
12649,51,17,375.0,3,2,3,8,Low Value
12651,173,9,114.0,1,1,1,3,Lost
12652,170,48,919.98,1,4,4,9,Medium Value
12653,135,16,779.1,1,2,4,7,Low Value
12654,36,22,337.75,4,3,2,9,Medium Value
12656,42,32,1659.6,3,3,5,11,Medium Value
12662,26,93,1576.6000000000001,4,5,5,14,High Value
12664,71,9,1303.5800000000002,2,1,4,7,Low Value
12665,163,3,63.0,1,1,1,3,Lost
12668,98,99,2454.6,2,5,5,12,High Value
12669,87,70,2272.6,2,4,5,11,Medium Value
12670,38,35,1026.3899999999999,3,3,4,10,Medium Value
12672,168,10,225.89999999999998,1,1,2,4,Lost
12673,165,23,220.9,1,3,2,6,Low Value
12674,9,37,976.8,5,3,4,12,High Value
12676,29,24,828.95,4,3,4,11,Medium Value
12678,26,67,5670.08,4,4,5,13,High Value
12679,44,44,906.38,3,4,4,11,Medium Value
12681,26,323,6636.73,4,5,5,14,High Value
12682,16,214,4987.09,5,5,5,15,High Value
12683,23,145,4023.85,4,5,5,14,High Value
12684,9,58,1379.48,5,4,5,14,High Value
12690,44,16,389.01,3,2,3,8,Low Value
12691,157,10,226.2,1,1,2,4,Lost
12693,50,32,630.77,3,3,3,9,Medium Value
12694,22,20,439.5,4,2,3,9,Medium Value
12695,49,6,89.25,3,1,1,5,Lost
12697,8,19,390.5,5,2,3,10,Medium Value
12700,54,62,1092.43,3,4,4,11,Medium Value
12701,81,21,337.08,2,2,2,6,Low Value
12704,8,13,329.56,5,2,2,9,Medium Value
12705,40,116,2306.1,3,5,5,13,High Value
12707,130,33,603.42,1,3,3,7,Low Value
12708,18,84,1431.5,4,5,5,14,High Value
12709,29,84,3807.44,4,5,5,14,High Value
12710,40,44,718.96,3,4,4,11,Medium Value
12712,21,71,2424.25,4,4,5,13,High Value
12714,18,122,2275.18,4,5,5,14,High Value
12717,84,31,609.74,2,3,3,8,Low Value
12720,8,126,1961.57,5,5,5,15,High Value
12721,22,87,1412.31,4,5,5,14,High Value
12724,12,18,280.36,5,2,2,9,Medium Value
12726,23,61,1297.04,4,4,4,12,High Value
12727,26,109,2800.4,4,5,5,14,High Value
12728,96,33,617.31,2,3,3,8,Low Value
12731,14,131,8517.77,5,5,5,15,High Value
12732,18,12,236.26000000000002,4,2,2,8,Low Value
12733,73,22,383.95,2,3,3,8,Low Value
12735,154,43,779.5699999999999,1,4,4,9,Medium Value
12736,171,4,234.0,1,1,2,4,Lost
12744,87,113,10262.65,2,5,5,12,High Value
12747,3,48,1761.43,5,4,5,14,High Value
12748,1,909,7176.44,5,5,5,15,High Value
12749,52,43,859.1,3,4,4,11,Medium Value
12753,87,81,9349.92,2,5,5,12,High Value
12754,74,63,3010.74,2,4,5,11,Medium Value
12755,119,3,17.549999999999997,1,1,1,3,Lost
12757,24,94,4445.43,4,5,5,14,High Value
12758,115,56,1570.19,1,4,5,10,Medium Value
12759,10,66,1082.52,5,4,4,13,High Value
12764,155,45,1693.88,1,4,5,10,Medium Value
12766,79,134,2866.42,2,5,5,12,High Value
12769,77,32,1143.6,2,3,4,9,Medium Value
12770,49,12,1351.45,3,2,5,10,Medium Value
12775,28,52,1164.68,4,4,4,12,High Value
12778,22,31,492.06,4,3,3,10,Medium Value
12779,28,96,2751.25,4,5,5,14,High Value
12781,123,15,549.26,1,2,3,6,Low Value
12782,92,46,1099.45,2,4,4,10,Medium Value
12787,31,8,158.1,4,1,1,6,Low Value
12790,31,21,324.92,4,2,2,8,Low Value
12792,95,25,400.53999999999996,2,3,3,8,Low Value
12793,173,17,413.68,1,2,3,6,Low Value
12798,9,6,1607.04,5,1,5,11,Medium Value
12802,25,25,427.58,4,3,3,10,Medium Value
12808,23,9,151.95000000000002,4,1,1,6,Low Value
12809,16,25,489.31,5,3,3,11,Medium Value
12811,99,31,514.85,2,3,3,8,Low Value
12815,37,31,615.36,4,3,3,10,Medium Value
12816,15,15,318.65000000000003,5,2,2,9,Medium Value
12817,120,4,166.04,1,1,1,3,Lost
12818,100,14,1542.08,2,2,5,9,Medium Value
12820,165,11,170.46,1,1,1,3,Lost
12821,53,6,92.72,3,1,1,5,Lost
12823,93,3,994.5,2,1,4,7,Low Value
12826,17,47,663.62,4,4,3,11,Medium Value
12829,175,6,207.25,1,1,2,4,Lost
12830,10,13,2221.84,5,2,5,12,High Value
12831,101,9,215.05,2,1,2,5,Lost
12834,121,18,312.38,1,2,2,5,Lost
12836,58,101,1661.4,3,5,5,13,High Value
12837,12,12,134.1,5,2,1,8,Low Value
12839,22,63,962.92,4,4,4,12,High Value
12840,21,90,2150.77,4,5,5,14,High Value
12841,19,177,1633.47,4,5,5,14,High Value
12842,147,14,310.73,1,2,2,5,Lost
12843,7,90,1398.01,5,5,5,15,High Value
12845,106,27,354.09,2,3,2,7,Low Value
12849,107,34,668.8499999999999,1,3,4,8,Low Value
12852,133,17,311.55,1,2,2,5,Lost
12853,78,42,885.0,2,4,4,10,Medium Value
12854,80,76,810.37,2,5,4,11,Medium Value
12857,49,46,1106.4,3,4,4,11,Medium Value
12866,122,26,559.12,1,3,3,7,Low Value
12867,4,287,1980.51,5,5,5,15,High Value
12868,24,95,1403.76,4,5,5,14,High Value
12871,46,4,132.0,3,1,1,5,Lost
12872,165,28,221.44,1,3,2,6,Low Value
12873,121,4,374.0,1,1,3,5,Lost
12876,35,34,726.43,4,3,4,11,Medium Value
12877,16,46,808.77,5,4,4,13,High Value
12878,75,47,854.99,2,4,4,10,Medium Value
12881,114,7,298.0,1,1,2,4,Lost
12886,58,47,775.0,3,4,4,11,Medium Value
12888,53,5,354.12,3,1,2,6,Low Value
12891,24,3,331.0,4,1,2,7,Low Value
12897,43,4,216.5,3,1,2,6,Low Value
12901,2,71,9558.44,5,4,5,14,High Value
12902,103,10,138.68,2,1,1,4,Lost
12904,11,32,244.69,5,3,2,10,Medium Value
12908,15,2,750.0,5,1,4,10,Medium Value
12909,40,65,1528.37,3,4,5,12,High Value
12910,36,30,1142.5,4,3,4,11,Medium Value
12913,121,11,448.77000000000004,1,1,3,5,Lost
12916,40,77,2251.58,3,5,5,13,High Value
12919,8,10,206.2,5,1,2,8,Low Value
12921,23,264,5383.52,4,5,5,14,High Value
12924,37,15,655.27,4,2,3,9,Medium Value
12928,80,21,387.7,2,2,3,7,Low Value
12929,150,8,117.85,1,1,1,3,Lost
12930,10,14,221.56,5,2,2,9,Medium Value
12931,42,12,3743.7,3,2,5,10,Medium Value
12933,10,49,357.49,5,4,2,11,Medium Value
12935,42,53,866.23,3,4,4,11,Medium Value
12937,36,28,428.23,4,3,3,10,Medium Value
12939,112,26,7228.32,1,3,5,9,Medium Value
12942,36,8,137.77,4,1,1,6,Low Value
12945,127,23,462.95,1,3,3,7,Low Value
12947,21,66,1075.65,4,4,4,12,High Value
12948,53,53,886.26,3,4,4,11,Medium Value
12949,45,115,2250.7,3,5,5,13,High Value
12951,12,45,751.78,5,4,4,13,High Value
12955,7,49,991.38,5,4,4,13,High Value
12956,145,19,108.07,1,2,1,4,Lost
12957,25,108,1715.29,4,5,5,14,High Value
12970,161,8,23.8,1,1,1,3,Lost
12971,7,132,4779.45,5,5,5,15,High Value
12974,36,8,144.8,4,1,1,6,Low Value
12976,50,22,738.6,3,3,4,10,Medium Value
12980,15,16,5646.78,5,2,5,12,High Value
12982,81,28,390.54,2,3,3,8,Low Value
12987,36,14,304.3,4,2,2,8,Low Value
12988,131,83,505.82,1,5,3,9,Medium Value
12989,39,20,3125.44,3,2,5,10,Medium Value
12990,24,7,263.9,4,1,2,7,Low Value
12993,46,12,175.29999999999998,3,2,1,6,Low Value
12994,107,22,352.6,1,3,2,6,Low Value
12997,75,33,608.47,2,3,3,8,Low Value
12999,35,28,455.88,4,3,3,10,Medium Value
13000,98,19,256.78,2,2,2,6,Low Value
13001,23,274,7812.5,4,5,5,14,High Value
13002,157,7,120.94999999999999,1,1,1,3,Lost
13003,53,4,59.050000000000004,3,1,1,5,Lost
13004,7,203,2791.57,5,5,5,15,High Value
13005,12,26,513.7,5,3,3,11,Medium Value
13008,162,14,229.46999999999997,1,2,2,5,Lost
13012,52,35,707.39,3,3,4,10,Medium Value
13013,51,40,843.95,3,4,4,11,Medium Value
13014,8,50,1788.78,5,4,5,14,High Value
13015,36,88,1763.04,4,5,5,14,High Value
13018,18,247,3852.9,4,5,5,14,High Value
13021,5,51,995.12,5,4,4,13,High Value
13026,59,6,243.71999999999997,3,1,2,6,Low Value
13027,72,9,2400.0,2,1,5,8,Low Value
13035,99,12,333.0,2,2,2,6,Low Value
13037,58,33,577.32,3,3,3,9,Medium Value
13038,22,22,591.76,4,3,3,10,Medium Value
13043,112,13,516.42,1,2,3,6,Low Value
13044,130,33,560.47,1,3,3,7,Low Value
13046,105,14,197.72,2,2,1,5,Lost
13047,12,97,1867.45,5,5,5,15,High Value
13048,77,76,923.42,2,5,4,11,Medium Value
13049,157,7,153.78,1,1,1,3,Lost
13050,24,194,2259.2599999999998,4,5,5,14,High Value
13052,51,18,348.15000000000003,3,2,2,7,Low Value
13055,52,22,344.86,3,3,2,8,Low Value
13059,88,8,183.4,2,1,1,4,Lost
13060,92,15,307.53,2,2,2,6,Low Value
13062,30,11,346.98,4,1,2,7,Low Value
13064,166,9,203.3,1,1,1,3,Lost
13068,158,1,165.0,1,1,1,3,Lost
13069,19,215,2261.13,4,5,5,14,High Value
13070,31,9,228.8,4,1,2,7,Low Value
13072,105,7,177.15,2,1,1,4,Lost
13077,129,48,262.47,1,4,2,7,Low Value
13078,2,166,4362.42,5,5,5,15,High Value
13080,18,6,58.08,4,1,1,6,Low Value
13081,56,502,12096.73,3,5,5,13,High Value
13082,15,62,2245.53,5,4,5,14,High Value
13085,134,13,278.1,1,2,2,5,Lost
13089,9,948,25670.96,5,5,5,15,High Value
13090,14,53,2935.2200000000003,5,4,5,14,High Value
13092,50,14,254.3,3,2,2,7,Low Value
13093,114,110,4036.96,1,5,5,11,Medium Value
13094,30,12,869.4000000000001,4,2,4,10,Medium Value
13097,12,255,3694.86,5,5,5,15,High Value
13098,8,243,9574.22,5,5,5,15,High Value
13101,73,8,101.19,2,1,1,4,Lost
13102,12,179,3331.68,5,5,5,15,High Value
13104,106,2,111.96,2,1,1,4,Lost
13107,14,36,935.22,5,3,4,12,High Value
13110,96,79,732.49,2,5,4,11,Medium Value
13113,1,144,9271.050000000001,5,5,5,15,High Value
13115,23,55,878.55,4,4,4,12,High Value
13117,56,33,363.21999999999997,3,3,3,9,Medium Value
13118,47,48,799.7,3,4,4,11,Medium Value
13120,77,1,30.599999999999998,2,1,1,4,Lost
13121,108,50,283.73,1,4,2,7,Low Value
13122,79,54,903.67,2,4,4,10,Medium Value
13124,91,82,1260.15,2,5,4,11,Medium Value
13126,92,53,853.98,2,4,4,10,Medium Value
13131,26,14,324.9,4,2,2,8,Low Value
13132,100,3,77.3,2,1,1,4,Lost
13133,112,7,109.8,1,1,1,3,Lost
13134,22,46,885.74,4,4,4,12,High Value
13135,35,1,3096.0,4,1,5,10,Medium Value
13136,51,30,574.46,3,3,3,9,Medium Value
13137,91,170,847.44,2,5,4,11,Medium Value
13138,79,12,193.62,2,2,1,5,Lost
13139,54,34,1170.02,3,3,4,10,Medium Value
13141,53,89,1401.03,3,5,5,13,High Value
13144,171,3,110.95,1,1,1,3,Lost
13148,71,140,1469.98,2,5,5,12,High Value
13149,128,18,376.74,1,2,3,6,Low Value
13151,134,74,1257.8700000000001,1,5,4,10,Medium Value
13155,165,11,189.5,1,1,1,3,Lost
13157,80,25,497.94,2,3,3,8,Low Value
13158,157,19,256.40999999999997,1,2,2,5,Lost
13161,152,8,112.75,1,1,1,3,Lost
13162,23,60,1305.44,4,4,4,12,High Value
13166,122,41,417.2,1,4,3,8,Low Value
13168,38,107,953.0600000000001,3,5,4,12,High Value
13169,91,6,505.2,2,1,3,6,Low Value
13171,138,23,140.35,1,3,1,5,Lost
13174,155,69,665.0,1,4,3,8,Low Value
13178,10,129,2600.93,5,5,5,15,High Value
13183,47,37,1527.0800000000002,3,3,5,11,Medium Value
13184,23,95,919.97,4,5,4,13,High Value
13185,106,1,71.4,2,1,1,4,Lost
13187,176,37,236.02,1,3,2,6,Low Value
13192,44,33,464.32,3,3,3,9,Medium Value
13196,101,34,512.13,2,3,3,8,Low Value
13198,88,119,1703.2,2,5,5,12,High Value
13199,11,43,3453.76,5,4,5,14,High Value
13203,81,10,165.71,2,1,1,4,Lost
13208,45,93,693.96,3,5,4,12,High Value
13209,66,133,2043.59,2,5,5,12,High Value
13213,22,33,551.53,4,3,3,10,Medium Value
13216,106,5,333.74,2,1,2,5,Lost
13220,24,17,726.49,4,2,4,10,Medium Value
13221,79,31,349.25,2,3,2,7,Low Value
13223,39,5,163.20000000000002,3,1,1,5,Lost
13225,35,15,2535.16,4,2,5,11,Medium Value
13226,112,16,108.21000000000001,1,2,1,4,Lost
13227,40,9,257.7,3,1,2,6,Low Value
13229,64,10,160.95,2,1,1,4,Lost
13230,40,335,1670.18,3,5,5,13,High Value
13232,19,130,861.45,4,5,4,13,High Value
13233,175,17,304.24,1,2,2,5,Lost
13235,51,58,1031.07,3,4,4,11,Medium Value
13238,2,11,227.70000000000002,5,1,2,8,Low Value
13239,100,22,329.56,2,3,2,7,Low Value
13240,12,31,329.54,5,3,2,10,Medium Value
13242,52,5,104.0,3,1,1,5,Lost
13243,42,57,585.12,3,4,3,10,Medium Value
13246,15,112,1838.51,5,5,5,15,High Value
13248,28,21,387.46999999999997,4,2,3,9,Medium Value
13249,100,2,291.84000000000003,2,1,2,5,Lost
13253,178,16,476.48,1,2,3,6,Low Value
13258,44,13,198.87,3,2,1,6,Low Value
13261,107,9,944.1,1,1,4,6,Low Value
13262,102,11,200.29,2,1,1,4,Lost
13263,2,919,3963.98,5,5,5,15,High Value
13265,22,61,1450.66,4,4,5,13,High Value
13266,24,86,1826.43,4,5,5,14,High Value
13267,38,77,1587.84,3,5,5,13,High Value
13268,8,294,2117.81,5,5,5,15,High Value
13269,18,150,1695.55,4,5,5,14,High Value
13280,155,75,682.96,1,5,4,10,Medium Value
13282,1,22,773.1,5,3,4,12,High Value
13283,24,2,25.5,4,1,1,6,Low Value
13284,169,13,201.19,1,2,1,4,Lost
13285,65,82,1173.27,2,5,4,11,Medium Value
13292,123,14,249.57,1,2,2,5,Lost
13294,28,54,873.74,4,4,4,12,High Value
13299,107,5,142.5,1,1,1,3,Lost
13300,8,20,371.89,5,2,3,10,Medium Value
13301,61,41,327.77,3,4,2,9,Medium Value
13305,84,20,504.04999999999995,2,2,3,7,Low Value
13308,42,26,814.95,3,3,4,10,Medium Value
13309,45,47,546.64,3,4,3,10,Medium Value
13310,45,52,817.65,3,4,4,11,Medium Value
13313,54,31,609.74,3,3,3,9,Medium Value
13316,93,11,1622.48,2,1,5,8,Low Value
13317,37,54,1075.93,4,4,4,12,High Value
13319,8,199,4032.36,5,5,5,15,High Value
13320,52,36,508.61,3,3,3,9,Medium Value
13324,42,34,3148.89,3,3,5,11,Medium Value
13327,24,44,1127.35,4,4,4,12,High Value
13328,155,17,1308.48,1,2,5,8,Low Value
13330,24,27,728.22,4,3,4,11,Medium Value
13334,29,213,2708.59,4,5,5,14,High Value
13339,39,54,860.12,3,4,4,11,Medium Value
13340,115,51,3678.03,1,4,5,10,Medium Value
13341,99,42,775.85,2,4,4,10,Medium Value
13343,16,19,353.43,5,2,2,9,Medium Value
13344,116,68,1656.15,1,4,5,10,Medium Value
13345,126,20,389.5,1,2,3,6,Low Value
13357,96,89,609.4,2,5,3,10,Medium Value
13358,107,29,439.03,1,3,3,7,Low Value
13362,84,93,1581.53,2,5,5,12,High Value
13365,56,39,700.6,3,4,4,11,Medium Value
13368,95,29,623.4,2,3,3,8,Low Value
13373,115,50,987.7,1,4,4,9,Medium Value
13376,42,39,770.0,3,4,4,11,Medium Value
13381,46,51,1071.35,3,4,4,11,Medium Value
13382,119,15,222.99,1,2,2,5,Lost
13384,17,54,1172.6,4,4,4,12,High Value
13385,168,35,534.57,1,3,3,7,Low Value
13389,71,18,257.89,2,2,2,6,Low Value
13391,42,1,59.8,3,1,1,5,Lost
13394,53,56,935.33,3,4,4,11,Medium Value
13395,24,21,307.72,4,2,2,8,Low Value
13396,158,15,387.27000000000004,1,2,3,6,Low Value
13397,22,27,980.47,4,3,4,11,Medium Value
13398,31,26,457.34,4,3,3,10,Medium Value
13404,51,9,217.81,3,1,2,6,Low Value
13405,43,25,557.45,3,3,3,9,Medium Value
13408,5,194,9879.63,5,5,5,15,High Value
13410,26,15,545.04,4,2,3,9,Medium Value
13414,135,1,390.0,1,1,3,5,Lost
13417,44,10,236.0,3,1,2,6,Low Value
13418,3,128,2198.7,5,5,5,15,High Value
13420,9,4,55.8,5,1,1,7,Low Value
13421,129,64,825.04,1,4,4,9,Medium Value
13425,7,54,1174.65,5,4,4,13,High Value
13426,21,74,1221.7,4,5,4,13,High Value
13427,54,9,214.5,3,1,2,6,Low Value
13435,28,21,443.72,4,2,3,9,Medium Value
13437,8,93,1661.73,5,5,5,15,High Value
13439,94,54,283.71,2,4,2,8,Low Value
13448,57,37,593.72,3,3,3,9,Medium Value
13450,43,21,678.54,3,2,4,9,Medium Value
13451,50,246,1589.48,3,5,5,13,High Value
13452,98,2,590.0,2,1,3,6,Low Value
13453,4,17,356.97999999999996,5,2,2,9,Medium Value
13456,14,20,425.06,5,2,3,10,Medium Value
13458,8,209,5375.0,5,5,5,15,High Value
13461,2,12,576.4,5,2,3,10,Medium Value
13462,91,9,151.5,2,1,1,4,Lost
13466,23,17,307.9,4,2,2,8,Low Value
13468,18,140,2782.84,4,5,5,14,High Value
13473,171,12,241.26,1,2,2,5,Lost
13474,75,62,226.84,2,4,2,8,Low Value
13475,30,86,1431.78,4,5,5,14,High Value
13476,17,58,1238.47,4,4,4,12,High Value
13477,9,41,765.79,5,4,4,13,High Value
13479,39,15,300.95,3,2,2,7,Low Value
13481,31,60,978.99,4,4,4,12,High Value
13482,71,11,184.64,2,1,1,4,Lost
13484,80,8,313.8,2,1,2,5,Lost
13485,72,23,454.24,2,3,3,8,Low Value
13487,52,13,215.65,3,2,2,7,Low Value
13488,35,202,4148.51,4,5,5,14,High Value
13489,128,7,235.68,1,1,2,4,Lost
13491,86,60,835.23,2,4,4,10,Medium Value
13492,53,15,315.3,3,2,2,7,Low Value
13493,114,8,618.63,1,1,3,5,Lost
13494,150,18,316.26000000000005,1,2,2,5,Lost
13495,71,6,207.0,2,1,2,5,Lost
13497,121,10,194.55,1,1,1,3,Lost
13499,64,21,463.79,2,2,3,7,Low Value
13501,127,52,1340.32,1,4,5,10,Medium Value
13502,113,9,189.16,1,1,1,3,Lost
13505,5,123,2583.12,5,5,5,15,High Value
13506,155,9,157.4,1,1,1,3,Lost
13508,82,12,110.97,2,2,1,5,Lost
13509,93,28,650.02,2,3,3,8,Low Value
13510,22,38,585.3199999999999,4,3,3,10,Medium Value
13512,99,15,251.21,2,2,2,6,Low Value
13515,86,13,203.4,2,2,1,5,Lost
13516,77,7,146.0,2,1,1,4,Lost
13517,18,76,1101.86,4,5,4,13,High Value
13520,23,54,1788.58,4,4,5,13,High Value
13523,38,72,1802.29,3,5,5,13,High Value
13524,12,12,247.70000000000002,5,2,2,9,Medium Value
13525,87,2,282.88,2,1,2,5,Lost
13527,40,46,585.64,3,4,3,10,Medium Value
13529,43,7,181.1,3,1,1,5,Lost
13531,44,7,178.35,3,1,1,5,Lost
13533,21,75,269.09,4,5,2,11,Medium Value
13534,25,155,2669.88,4,5,5,14,High Value
13538,22,10,619.5,4,1,3,8,Low Value
13539,79,21,315.65,2,2,2,6,Low Value
13544,79,42,113.01,2,4,1,7,Low Value
13546,39,26,182.26,3,3,1,7,Low Value
13548,82,61,281.01,2,4,2,8,Low Value
13549,31,28,512.55,4,3,3,10,Medium Value
13551,158,4,91.80000000000001,1,1,1,3,Lost
13552,18,61,2279.09,4,4,5,13,High Value
13555,40,55,1590.05,3,4,5,12,High Value
13557,119,16,240.68,1,2,2,5,Lost
13561,54,14,141.85999999999999,3,2,1,6,Low Value
13562,84,24,603.27,2,3,3,8,Low Value
13565,173,13,110.17999999999999,1,2,1,4,Lost
13568,12,43,187.05,5,4,1,10,Medium Value
13570,82,27,239.49,2,3,2,7,Low Value
13571,23,78,507.31,4,5,3,12,High Value
13572,44,33,1384.25,3,3,5,11,Medium Value
13573,92,3,31.770000000000003,2,1,1,4,Lost
13575,15,5,88.55,5,1,1,7,Low Value
13576,15,45,3130.3,5,4,5,14,High Value
13577,80,20,356.75,2,2,2,6,Low Value
13581,148,10,118.0,1,1,1,3,Lost
13584,145,24,142.4,1,3,1,5,Lost
13588,94,8,113.30000000000001,2,1,1,4,Lost
13589,18,9,147.0,4,1,1,6,Low Value
13590,38,39,912.03,3,4,4,11,Medium Value
13591,43,38,776.23,3,3,4,10,Medium Value
13592,44,13,205.51,3,2,2,7,Low Value
13593,1,91,1366.05,5,5,5,15,High Value
13599,37,53,1652.82,4,4,5,13,High Value
13600,151,19,219.52,1,2,2,5,Lost
13601,50,42,373.2,3,4,3,10,Medium Value
13606,82,37,246.63,2,3,2,7,Low Value
13610,26,86,464.37,4,5,3,12,High Value
13611,9,17,333.57,5,2,2,9,Medium Value
13614,3,86,778.88,5,5,4,14,High Value
13615,157,23,417.69,1,3,3,7,Low Value
13617,19,13,131.10999999999999,4,2,1,7,Low Value
13618,12,13,177.34,5,2,1,8,Low Value
13623,49,63,539.17,3,4,3,10,Medium Value
13626,91,19,257.23,2,2,2,6,Low Value
13627,15,44,715.81,5,4,4,13,High Value
13629,12,20,3666.0,5,2,5,12,High Value
13630,10,57,1059.54,5,4,4,13,High Value
13631,3,8,2290.7200000000003,5,1,5,11,Medium Value
13632,12,84,812.26,5,5,4,14,High Value
13634,81,71,597.61,2,4,3,9,Medium Value
13636,91,35,541.45,2,3,3,8,Low Value
13637,26,91,678.65,4,5,4,13,High Value
13642,54,57,312.28,3,4,2,9,Medium Value
13643,24,6,87.9,4,1,1,6,Low Value
13647,14,33,803.86,5,3,4,12,High Value
13649,95,8,148.8,2,1,1,4,Lost
13650,46,36,745.52,3,3,4,10,Medium Value
13652,95,20,329.44,2,2,2,6,Low Value
13654,40,68,1172.84,3,4,4,11,Medium Value
13655,80,21,383.65,2,2,3,7,Low Value
13656,3,49,379.65,5,4,3,12,High Value
13657,40,9,152.34,3,1,1,5,Lost
13658,43,32,933.3,3,3,4,10,Medium Value
13659,44,103,1563.0,3,5,5,13,High Value
13662,51,34,516.44,3,3,3,9,Medium Value
13663,18,13,189.47,4,2,1,7,Low Value
13666,126,8,64.05,1,1,1,3,Lost
13668,5,258,4042.84,5,5,5,15,High Value
13672,140,6,186.39000000000001,1,1,1,3,Lost
13675,123,15,308.44,1,2,2,5,Lost
13680,176,70,2391.59,1,4,5,10,Medium Value
13682,26,3,59.5,4,1,1,6,Low Value
13684,124,29,65.13,1,3,1,5,Lost
13686,21,8,72.0,4,1,1,6,Low Value
13692,52,32,871.58,3,3,4,10,Medium Value
13694,1,282,31362.78,5,5,5,15,High Value
13695,9,28,749.54,5,3,4,12,High Value
13700,15,113,1229.31,5,5,4,14,High Value
13703,157,1,99.5,1,1,1,3,Lost
13706,141,20,330.79,1,2,2,5,Lost
13707,106,48,806.41,2,4,4,10,Medium Value
13708,110,49,285.33,1,4,2,7,Low Value
13709,7,83,1518.68,5,5,5,15,High Value
13711,57,13,252.06,3,2,2,7,Low Value
13712,85,10,228.84,2,1,2,5,Lost
13715,120,60,582.71,1,4,3,8,Low Value
13716,108,21,138.28,1,2,1,4,Lost
13717,11,56,754.22,5,4,4,13,High Value
13718,85,12,306.55,2,2,2,6,Low Value
13719,44,20,338.74,3,2,2,7,Low Value
13720,17,30,552.55,4,3,3,10,Medium Value
13722,121,46,1463.47,1,4,5,10,Medium Value
13723,56,6,199.85000000000002,3,1,1,5,Lost
13725,8,95,1865.7,5,5,5,15,High Value
13728,37,31,493.93,4,3,3,10,Medium Value
13731,58,38,610.59,3,3,3,9,Medium Value
13735,14,102,1409.69,5,5,5,15,High Value
13736,99,76,357.53,2,5,3,10,Medium Value
13737,39,30,339.59999999999997,3,3,2,8,Low Value
13740,79,23,350.75,2,3,2,7,Low Value
13741,22,20,363.13,4,2,3,9,Medium Value
13742,1,258,2632.57,5,5,5,15,High Value
13743,56,13,353.15999999999997,3,2,2,7,Low Value
13744,131,44,817.3199999999999,1,4,4,9,Medium Value
13745,1,25,300.04,5,3,2,10,Medium Value
13748,71,12,376.85,2,2,3,7,Low Value
13750,10,18,991.19,5,2,4,11,Medium Value
13751,127,9,296.25,1,1,2,4,Lost
13752,23,63,891.53,4,4,4,12,High Value
13753,126,35,741.26,1,3,4,8,Low Value
13754,156,8,156.0,1,1,1,3,Lost
13756,22,36,707.41,4,3,4,11,Medium Value
13758,40,71,1632.67,3,4,5,12,High Value
13760,95,28,135.09,2,3,1,6,Low Value
13761,18,32,491.71000000000004,4,3,3,10,Medium Value
13762,57,7,306.72,3,1,2,6,Low Value
13764,176,69,499.89,1,4,3,8,Low Value
13767,3,174,5489.43,5,5,5,15,High Value
13769,46,61,1125.71,3,4,4,11,Medium Value
13771,38,70,1464.8500000000001,3,4,5,12,High Value
13772,78,36,228.42,2,3,2,7,Low Value
13777,4,63,4801.34,5,4,5,14,High Value
13780,9,9,116.28000000000002,5,1,1,7,Low Value
13781,89,17,127.84,2,2,1,5,Lost
13782,73,45,361.3,2,4,3,9,Medium Value
13784,7,23,1632.39,5,3,5,13,High Value
13791,7,7,937.0,5,1,4,10,Medium Value
13792,126,4,74.60000000000001,1,1,1,3,Lost
13798,4,183,20627.12,5,5,5,15,High Value
13799,133,16,341.7,1,2,2,5,Lost
13800,148,33,558.32,1,3,3,7,Low Value
13802,93,48,3131.06,2,4,5,11,Medium Value
13803,94,17,277.07,2,2,2,6,Low Value
13804,128,41,723.63,1,4,4,9,Medium Value
13809,144,12,155.05,1,2,1,4,Lost
13811,22,13,814.5,4,2,4,10,Medium Value
13815,11,136,2977.75,5,5,5,15,High Value
13819,140,36,1140.35,1,3,4,8,Low Value
13821,100,42,270.15,2,4,2,8,Low Value
13824,42,26,1232.98,3,3,4,10,Medium Value
13826,15,10,189.5,5,1,1,7,Low Value
13831,39,54,685.4499999999999,3,4,4,11,Medium Value
13835,54,21,328.45,3,2,2,7,Low Value
13837,50,18,266.59000000000003,3,2,2,7,Low Value
13841,91,1,85.0,2,1,1,4,Lost
13842,38,92,1517.9,3,5,5,13,High Value
13846,81,15,252.53,2,2,2,6,Low Value
13848,136,3,615.0,1,1,3,5,Lost
13849,9,38,593.5799999999999,5,3,3,11,Medium Value
13851,127,17,246.32,1,2,2,5,Lost
13854,35,60,4550.1,4,4,5,13,High Value
13856,7,14,388.5,5,2,3,10,Medium Value
13859,165,28,201.16,1,3,1,5,Lost
13862,26,73,1152.51,4,5,4,13,High Value
13863,86,20,305.78,2,2,2,6,Low Value
13865,25,17,282.52,4,2,2,8,Low Value
13867,57,8,138.85,3,1,1,5,Lost
13869,101,117,1249.54,2,5,4,11,Medium Value
13870,7,55,898.0,5,4,4,13,High Value
13871,1,155,3010.82,5,5,5,15,High Value
13873,57,14,230.4,3,2,2,7,Low Value
13875,23,58,1067.88,4,4,4,12,High Value
13880,25,66,1241.77,4,4,4,12,High Value
13881,8,82,5218.33,5,5,5,15,High Value
13883,57,94,1742.78,3,5,5,13,High Value
13884,116,10,196.25,1,1,1,3,Lost
13885,28,28,506.8,4,3,3,10,Medium Value
13887,43,19,349.55,3,2,2,7,Low Value
13888,57,19,229.56,3,2,2,7,Low Value
13892,85,3,54.519999999999996,2,1,1,4,Lost
13893,136,21,821.1,1,2,4,7,Low Value
13894,149,10,160.85,1,1,1,3,Lost
13895,3,15,382.46000000000004,5,2,3,10,Medium Value
13898,164,12,155.93,1,2,1,4,Lost
13899,113,15,298.5,1,2,2,5,Lost
13900,22,43,740.95,4,4,4,12,High Value
13901,95,34,648.3,2,3,3,8,Low Value
13904,133,17,201.12,1,2,1,4,Lost
13908,53,52,831.11,3,4,4,11,Medium Value
13911,36,106,1703.91,4,5,5,14,High Value
13917,30,5,65.38,4,1,1,6,Low Value
13918,92,8,198.2,2,1,1,4,Lost
13929,8,9,842.65,5,1,4,10,Medium Value
13931,119,20,378.21000000000004,1,2,3,6,Low Value
13932,133,16,307.4,1,2,2,5,Lost
13934,102,31,922.1,2,3,4,9,Medium Value
13936,18,26,376.58,4,3,3,10,Medium Value
13937,8,9,158.85,5,1,1,7,Low Value
13939,150,12,184.5,1,2,1,4,Lost
13941,10,17,1736.14,5,2,5,12,High Value
13946,40,9,485.96999999999997,3,1,3,7,Low Value
13950,85,7,179.30999999999997,2,1,1,4,Lost
13951,15,39,674.45,5,4,4,13,High Value
13952,56,137,3251.071,3,5,5,13,High Value
13953,3,3,1750.0,5,1,5,11,Medium Value
13955,144,11,205.1,1,1,2,4,Lost
13956,82,54,290.32,2,4,2,8,Low Value
13959,120,18,122.7,1,2,1,4,Lost
13962,84,7,117.6,2,1,1,4,Lost
13963,147,28,513.24,1,3,3,7,Low Value
13969,8,215,2226.61,5,5,5,15,High Value
13971,17,67,1280.98,4,4,4,12,High Value
13972,40,9,145.9,3,1,1,5,Lost
13973,126,11,264.7,1,1,2,4,Lost
13975,54,126,954.01,3,5,4,12,High Value
13976,45,10,357.98,3,1,3,7,Low Value
13982,2,50,801.54,5,4,4,13,High Value
13983,26,61,1351.7,4,4,5,13,High Value
13984,88,5,562.4300000000001,2,1,3,6,Low Value
13985,23,62,1165.3,4,4,4,12,High Value
13988,1,112,1923.5,5,5,5,15,High Value
13989,78,23,896.6700000000001,2,3,4,9,Medium Value
13990,52,16,311.3,3,2,2,7,Low Value
13993,44,69,1492.82,3,4,5,12,High Value
13995,84,17,310.45,2,2,2,6,Low Value
13999,18,70,1259.77,4,4,4,12,High Value
14000,50,15,635.66,3,2,3,8,Low Value
14001,71,15,1007.9,2,2,4,8,Low Value
14004,12,57,1480.36,5,4,5,14,High Value
14005,14,22,331.46,5,3,2,10,Medium Value
14006,80,20,662.09,2,2,3,7,Low Value
14009,37,42,695.61,4,4,4,12,High Value
14012,116,11,328.8,1,1,2,4,Lost
14013,114,8,118.5,1,1,1,3,Lost
14016,46,77,2610.89,3,5,5,13,High Value
14021,50,18,501.7,3,2,3,8,Low Value
14022,64,28,440.0,2,3,3,8,Low Value
14023,89,16,273.14,2,2,2,6,Low Value
14030,82,104,758.52,2,5,4,11,Medium Value
14031,7,120,6248.97,5,5,5,15,High Value
14032,7,67,1225.95,5,4,4,13,High Value
14035,106,23,700.58,2,3,4,9,Medium Value
14036,123,38,626.65,1,3,3,7,Low Value
14037,15,2,35.400000000000006,5,1,1,7,Low Value
14038,46,45,716.32,3,4,4,11,Medium Value
14040,22,120,1945.16,4,5,5,14,High Value
14041,105,21,141.41,2,2,1,5,Lost
14044,148,54,170.44,1,4,1,6,Low Value
14045,176,4,925.3499999999999,1,1,4,6,Low Value
14046,123,14,154.99,1,2,1,4,Lost
14047,38,6,349.0,3,1,2,6,Low Value
14048,144,85,409.93,1,5,3,9,Medium Value
14049,39,250,3017.81,3,5,5,13,High Value
14051,12,69,4541.18,5,4,5,14,High Value
14056,23,498,3653.83,4,5,5,14,High Value
14057,1,137,2226.91,5,5,5,15,High Value
14059,105,8,183.6,2,1,1,4,Lost
14060,22,84,2521.06,4,5,5,14,High Value
14062,15,47,3750.55,5,4,5,14,High Value
14064,50,32,842.16,3,3,4,10,Medium Value
14066,105,7,152.55,2,1,1,4,Lost
14068,159,24,265.85,1,3,2,6,Low Value
14071,99,29,356.81,2,3,2,7,Low Value
14075,100,18,307.92,2,2,2,6,Low Value
14077,21,34,310.4,4,3,2,9,Medium Value
14078,23,39,691.67,4,4,4,12,High Value
14081,141,81,498.1,1,5,3,9,Medium Value
14083,38,3,29.58,3,1,1,5,Lost
14085,14,216,1767.62,5,5,5,15,High Value
14088,9,186,15388.0,5,5,5,15,High Value
14090,163,1,76.32000000000001,1,1,1,3,Lost
14092,9,77,1475.53,5,5,5,15,High Value
14099,9,108,1341.75,5,5,5,15,High Value
14101,36,25,4159.389999999999,4,3,5,12,High Value
14104,4,19,111.25999999999999,5,2,1,8,Low Value
14105,78,74,1266.23,2,5,4,11,Medium Value
14107,15,74,1473.6,5,5,5,15,High Value
14110,10,70,2081.2400000000002,5,4,5,14,High Value
14111,80,2,94.2,2,1,1,4,Lost
14112,42,71,1152.5,3,4,4,11,Medium Value
14114,112,15,386.53,1,2,3,6,Low Value
14127,95,29,452.23,2,3,3,8,Low Value
14128,94,22,305.54,2,3,2,7,Low Value
14129,99,16,358.90000000000003,2,2,3,7,Low Value
14130,158,66,480.91,1,4,3,8,Low Value
14132,1,42,607.92,5,4,3,12,High Value
14133,154,16,318.0,1,2,2,5,Lost
14135,25,47,1494.41,4,4,5,13,High Value
14145,56,4,1128.6,3,1,4,8,Low Value
14146,93,30,662.3,2,3,3,8,Low Value
14147,124,2,182.8,1,1,1,3,Lost
14148,72,3,157.2,2,1,1,4,Lost
14149,59,28,446.62,3,3,3,9,Medium Value
14152,73,29,314.51,2,3,2,7,Low Value
14154,78,52,1345.62,2,4,5,11,Medium Value
14155,105,6,118.75,2,1,1,4,Lost
14156,2,682,53327.82,5,5,5,15,High Value
14157,124,37,269.18,1,3,2,6,Low Value
14159,8,299,1222.44,5,5,4,14,High Value
14161,54,78,814.47,3,5,4,12,High Value
14162,12,25,289.36,5,3,2,10,Medium Value
14163,38,25,749.79,3,3,4,10,Medium Value
14165,114,24,120.44,1,3,1,5,Lost
14167,4,39,389.85,5,4,3,12,High Value
14173,58,11,114.04,3,1,1,5,Lost
14175,10,59,1205.99,5,4,4,13,High Value
14176,136,22,417.35,1,3,3,7,Low Value
14177,18,19,108.13,4,2,1,7,Low Value
14178,21,29,197.37,4,3,1,8,Low Value
14180,7,139,2705.92,5,5,5,15,High Value
14185,170,3,197.65,1,1,1,3,Lost
14188,53,23,760.9,3,3,4,10,Medium Value
14189,39,110,1844.83,3,5,5,13,High Value
14191,1,51,1105.6,5,4,4,13,High Value
14193,108,23,422.53999999999996,1,3,3,7,Low Value
14194,11,220,3969.16,5,5,5,15,High Value
14195,40,7,1012.0,3,1,4,8,Low Value
14198,78,12,183.3,2,2,1,5,Lost
14199,57,2,185.39999999999998,3,1,1,5,Lost
14201,25,16,343.86,4,2,2,8,Low Value
14205,103,14,222.9,2,2,2,6,Low Value
14206,78,20,328.15999999999997,2,2,2,6,Low Value
14209,52,53,1083.15,3,4,4,11,Medium Value
14210,36,71,1294.7,4,4,4,12,High Value
14211,46,48,909.89,3,4,4,11,Medium Value
14214,9,54,822.21,5,4,4,13,High Value
14215,25,56,932.27,4,4,4,12,High Value
14217,23,43,870.95,4,4,4,12,High Value
14220,86,10,319.42,2,1,2,5,Lost
14221,29,81,1653.83,4,5,5,14,High Value
14222,16,41,683.17,5,4,4,13,High Value
14223,103,18,304.9,2,2,2,6,Low Value
14224,54,80,492.07,3,5,3,11,Medium Value
14226,49,41,1692.0,3,4,5,12,High Value
14227,35,134,2399.52,4,5,5,14,High Value
14229,130,26,762.13,1,3,4,8,Low Value
14231,22,50,925.71,4,4,4,12,High Value
14232,25,61,1003.97,4,4,4,12,High Value
14233,50,20,959.1,3,2,4,9,Medium Value
14235,65,47,1264.55,2,4,4,10,Medium Value
14238,165,8,146.85,1,1,1,3,Lost
14239,39,67,1295.04,3,4,4,11,Medium Value
14240,64,10,226.85,2,1,2,5,Lost
14241,22,10,213.70000000000002,4,1,2,7,Low Value
14242,73,16,280.55,2,2,2,6,Low Value
14243,15,79,1304.16,5,5,4,14,High Value
14245,58,108,1693.45,3,5,5,13,High Value
14246,84,24,449.64,2,3,3,8,Low Value
14247,117,20,136.76999999999998,1,2,1,4,Lost
14248,157,8,302.58,1,1,2,4,Lost
14256,99,21,445.2,2,2,3,7,Low Value
14257,23,56,1030.59,4,4,4,12,High Value
14258,38,67,7607.82,3,4,5,12,High Value
14262,79,16,240.0,2,2,2,6,Low Value
14264,84,5,115.7,2,1,1,4,Lost
14267,1,55,1516.24,5,4,5,14,High Value
14270,170,29,492.65000000000003,1,3,3,7,Low Value
14271,64,10,112.32,2,1,1,4,Lost
14272,93,8,132.09,2,1,1,4,Lost
14273,56,12,218.7,3,2,2,7,Low Value
14276,19,43,720.4,4,4,4,12,High Value
14277,51,74,1629.03,3,5,5,13,High Value
14280,35,8,134.04,4,1,1,6,Low Value
14282,1,68,1652.58,5,4,5,14,High Value
14285,15,1,5.9,5,1,1,7,Low Value
14286,81,141,2050.08,2,5,5,12,High Value
14287,37,4,83.28,4,1,1,6,Low Value
14288,52,16,426.6,3,2,3,8,Low Value
14289,15,38,723.52,5,3,4,12,High Value
14291,11,120,2030.22,5,5,5,15,High Value
14292,43,42,1125.21,3,4,4,11,Medium Value
14293,144,7,143.1,1,1,1,3,Lost
14297,113,11,232.6,1,1,2,4,Lost
14298,4,783,26471.21,5,5,5,15,High Value
14299,157,19,1136.7,1,2,4,7,Low Value
14304,61,17,383.45,3,2,3,8,Low Value
14307,58,59,911.87,3,4,4,11,Medium Value
14309,7,62,1162.27,5,4,4,13,High Value
14311,81,20,310.26,2,2,2,6,Low Value
14312,25,49,854.59,4,4,4,12,High Value
14315,30,37,856.2,4,3,4,11,Medium Value
14320,45,31,477.79,3,3,3,9,Medium Value
14321,15,58,626.93,5,4,3,12,High Value
14323,77,19,299.82,2,2,2,6,Low Value
14326,81,8,183.85,2,1,1,4,Lost
14327,2,12,311.65,5,2,2,9,Medium Value
14329,3,171,3085.68,5,5,5,15,High Value
14334,42,85,1358.08,3,5,5,13,High Value
14336,37,59,1114.39,4,4,4,12,High Value
14338,35,30,579.97,4,3,3,10,Medium Value
14339,81,14,309.52,2,2,2,6,Low Value
14340,57,6,134.7,3,1,1,5,Lost
14341,54,45,703.15,3,4,4,11,Medium Value
14342,49,7,309.6,3,1,2,6,Low Value
14344,45,31,290.23,3,3,2,8,Low Value
14346,136,17,262.44,1,2,2,5,Lost
14348,99,18,409.57,2,2,3,7,Low Value
14350,113,18,282.93,1,2,2,5,Lost
14351,3,1,51.0,5,1,1,7,Low Value
14352,73,38,845.32,2,3,4,9,Medium Value
14353,54,6,90.6,3,1,1,5,Lost
14364,3,50,2808.0,5,4,5,14,High Value
14367,23,271,4116.77,4,5,5,14,High Value
14368,158,8,155.0,1,1,1,3,Lost
14371,134,4,100.5,1,1,1,3,Lost
14375,24,66,235.56,4,4,2,10,Medium Value
14377,30,11,617.05,4,1,3,8,Low Value
14379,134,17,110.98,1,2,1,4,Lost
14383,2,15,242.09,5,2,2,9,Medium Value
14386,135,7,142.4,1,1,1,3,Lost
14388,42,48,860.39,3,4,4,11,Medium Value
14389,29,19,311.14,4,2,2,8,Low Value
14390,50,76,810.43,3,5,4,12,High Value
14393,57,5,67.95,3,1,1,5,Lost
14395,16,158,1643.64,5,5,5,15,High Value
14397,10,18,379.04,5,2,3,10,Medium Value
14401,1,46,1352.04,5,4,5,14,High Value
14403,56,17,976.01,3,2,4,9,Medium Value
14404,8,46,884.05,5,4,4,13,High Value
14407,44,35,1002.6800000000001,3,3,4,10,Medium Value
14408,10,50,1215.32,5,4,4,13,High Value
14409,157,11,337.3,1,1,2,4,Lost
14410,45,105,774.0,3,5,4,12,High Value
14411,149,14,1063.0,1,2,4,7,Low Value
14415,21,187,1873.19,4,5,5,14,High Value
14419,91,36,183.04,2,3,1,6,Low Value
14421,50,15,455.18,3,2,3,8,Low Value
14422,9,61,1032.15,5,4,4,13,High Value
14423,57,3,265.2,3,1,2,6,Low Value
14426,17,140,2209.93,4,5,5,14,High Value
14428,78,28,330.62,2,3,2,7,Low Value
14431,141,17,470.36,1,2,3,6,Low Value
14438,145,9,131.9,1,1,1,3,Lost
14439,158,32,2661.24,1,3,5,9,Medium Value
14440,155,18,529.01,1,2,3,6,Low Value
14441,94,13,356.84000000000003,2,2,2,6,Low Value
14442,43,63,1589.82,3,4,5,12,High Value
14443,149,19,304.9,1,2,2,5,Lost
14446,85,83,303.04,2,5,2,9,Medium Value
14447,35,39,601.03,4,4,3,11,Medium Value
14449,85,55,189.67,2,4,1,7,Low Value
14450,19,40,483.25,4,4,3,11,Medium Value
14451,33,52,360.0,4,4,3,11,Medium Value
14453,29,22,119.93,4,3,1,8,Low Value
14457,149,4,113.64,1,1,1,3,Lost
14460,10,10,276.53999999999996,5,1,2,8,Low Value
14461,17,166,1746.22,4,5,5,14,High Value
14462,24,142,1117.27,4,5,4,13,High Value
14463,9,4,309.42,5,1,2,8,Low Value
14465,85,123,1038.44,2,5,4,11,Medium Value
14466,26,25,965.95,4,3,4,11,Medium Value
14467,151,15,131.7,1,2,1,4,Lost
14470,126,35,297.64,1,3,2,6,Low Value
14472,26,182,1210.83,4,5,4,13,High Value
14473,121,1,85.0,1,1,1,3,Lost
14475,25,28,622.17,4,3,3,10,Medium Value
14476,96,17,193.0,2,2,1,5,Lost
14477,23,3,523.0,4,1,3,8,Low Value
14479,92,8,141.85,2,1,1,4,Lost
14481,3,30,636.51,5,3,3,11,Medium Value
14482,78,15,238.1,2,2,2,6,Low Value
14483,120,9,137.1,1,1,1,3,Lost
14489,46,30,463.38,3,3,3,9,Medium Value
14491,14,13,213.73,5,2,2,9,Medium Value
14496,150,14,234.47,1,2,2,5,Lost
14497,148,29,475.37,1,3,3,7,Low Value
14498,25,14,147.02,4,2,1,7,Low Value
14499,117,42,122.87,1,4,1,6,Low Value
14500,28,5,284.85,4,1,2,7,Low Value
14501,22,10,251.21,4,1,2,7,Low Value
14502,73,231,1059.94,2,5,4,11,Medium Value
14503,17,40,597.07,4,4,3,11,Medium Value
14504,82,96,542.71,2,5,3,10,Medium Value
14505,43,265,2121.26,3,5,5,13,High Value
14506,1,54,561.96,5,4,3,12,High Value
14507,54,55,615.31,3,4,3,10,Medium Value
14512,26,23,275.28,4,3,2,9,Medium Value
14513,45,11,317.35,3,1,2,6,Low Value
14514,40,39,403.11,3,4,3,10,Medium Value
14515,30,30,765.65,4,3,4,11,Medium Value
14520,129,1,165.0,1,1,1,3,Lost
14522,37,7,278.63,4,1,2,7,Low Value
14524,17,110,753.42,4,5,4,13,High Value
14525,24,121,1469.74,4,5,5,14,High Value
14527,2,371,2993.73,5,5,5,15,High Value
14530,24,108,1497.04,4,5,5,14,High Value
14532,75,50,710.25,2,4,4,10,Medium Value
14534,8,270,2281.39,5,5,5,15,High Value
14535,87,94,852.87,2,5,4,11,Medium Value
14536,98,18,170.95,2,2,1,5,Lost
14538,95,3,106.5,2,1,1,4,Lost
14540,148,11,195.9,1,1,1,3,Lost
14541,7,102,1307.3500000000001,5,5,5,15,High Value
14542,24,5,103.25,4,1,1,6,Low Value
14543,10,50,2517.8,5,4,5,14,High Value
14546,40,142,874.88,3,5,4,12,High Value
14548,156,2,326.4,1,1,2,4,Lost
14549,150,56,289.24,1,4,2,7,Low Value
14551,43,7,125.43,3,1,1,5,Lost
14553,57,39,312.32,3,4,2,9,Medium Value
14555,141,14,186.34,1,2,1,4,Lost
14560,1,24,840.8299999999999,5,3,4,12,High Value
14561,1,36,566.99,5,3,3,11,Medium Value
14562,22,105,1105.99,4,5,4,13,High Value
14565,44,24,710.14,3,3,4,10,Medium Value
14570,119,29,218.06,1,3,2,6,Low Value
14572,93,102,1073.33,2,5,4,11,Medium Value
14573,18,157,1237.82,4,5,4,13,High Value
14577,2,52,299.74,5,4,2,11,Medium Value
14583,4,152,438.43,5,5,3,13,High Value
14584,8,98,1033.06,5,5,4,14,High Value
14586,115,19,237.36,1,2,2,5,Lost
14587,23,351,1452.68,4,5,5,14,High Value
14591,52,37,204.02,3,3,1,7,Low Value
14593,37,64,339.59,4,4,2,10,Medium Value
14595,152,5,163.8,1,1,1,3,Lost
14597,30,3,165.1,4,1,1,6,Low Value
14600,144,25,393.33000000000004,1,3,3,7,Low Value
14603,113,2,660.0,1,1,3,5,Lost
14606,2,1350,6440.73,5,5,5,15,High Value
14607,100,3,495.0,2,1,3,6,Low Value
14609,16,2,295.2,5,1,2,8,Low Value
14616,81,3,406.08000000000004,2,1,3,6,Low Value
14618,176,5,211.8,1,1,2,4,Lost
14619,84,20,394.44,2,2,3,7,Low Value
14620,44,26,412.78000000000003,3,3,3,9,Medium Value
14621,26,17,330.61,4,2,2,8,Low Value
14622,23,21,320.58000000000004,4,2,2,8,Low Value
14623,25,73,397.86,4,5,3,12,High Value
14625,35,19,314.1,4,2,2,8,Low Value
14626,72,29,586.9,2,3,3,8,Low Value
14628,81,12,331.58000000000004,2,2,2,6,Low Value
14631,74,25,630.08,2,3,3,8,Low Value
14632,101,8,114.56,2,1,1,4,Lost
14633,105,20,344.90000000000003,2,2,2,6,Low Value
14636,107,16,300.19,1,2,2,5,Lost
14639,130,29,558.59,1,3,3,7,Low Value
14640,9,43,802.0500000000001,5,4,4,13,High Value
14643,9,16,335.87,5,2,2,9,Medium Value
14644,137,8,187.50000000000003,1,1,1,3,Lost
14645,114,9,240.10000000000002,1,1,2,4,Lost
14646,3,967,127410.23,5,5,5,15,High Value
14647,40,28,236.04000000000002,3,3,2,8,Low Value
14649,51,48,582.12,3,4,3,10,Medium Value
14651,50,59,415.47,3,4,3,10,Medium Value
14653,177,29,344.81,1,3,2,6,Low Value
14655,61,14,810.56,3,2,4,9,Medium Value
14656,8,80,291.05,5,5,2,12,High Value
14657,121,76,524.4,1,5,3,9,Medium Value
14659,26,129,1381.76,4,5,5,14,High Value
14662,73,87,512.28,2,5,3,10,Medium Value
14665,135,41,731.66,1,4,4,9,Medium Value
14667,10,193,2779.23,5,5,5,15,High Value
14669,80,166,1259.24,2,5,4,11,Medium Value
14670,119,123,392.86,1,5,3,9,Medium Value
14672,73,61,765.55,2,4,4,10,Medium Value
14676,46,17,1148.52,3,2,4,9,Medium Value
14680,17,129,12634.73,4,5,5,14,High Value
14681,50,5,393.95,3,1,3,7,Low Value
14682,26,2,52.0,4,1,1,6,Low Value
14684,54,121,325.08,3,5,2,10,Medium Value
14688,3,177,2658.79,5,5,5,15,High Value
14689,47,13,112.8,3,2,1,6,Low Value
14691,51,17,439.6,3,2,3,8,Low Value
14692,74,54,480.3,2,4,3,9,Medium Value
14693,103,8,172.9,2,1,1,4,Lost
14696,26,49,876.77,4,4,4,12,High Value
14697,57,22,188.60999999999999,3,3,1,7,Low Value
14699,53,8,109.13000000000001,3,1,1,5,Lost
14700,28,76,1541.1,4,5,5,14,High Value
14701,11,234,1941.43,5,5,5,15,High Value
14702,1,102,1040.75,5,5,4,14,High Value
14704,19,26,100.75,4,3,1,8,Low Value
14705,37,1,179.0,4,1,1,6,Low Value
14709,26,70,1628.94,4,4,5,13,High Value
14711,1,206,1908.16,5,5,5,15,High Value
14713,25,145,1023.79,4,5,4,13,High Value
14715,137,22,247.45,1,3,2,6,Low Value
14719,18,77,488.12,4,5,3,12,High Value
14727,113,10,268.58,1,1,2,4,Lost
14730,17,152,734.99,4,5,4,13,High Value
14731,44,30,251.01999999999998,3,3,2,8,Low Value
14732,25,80,1283.2,4,5,4,13,High Value
14733,9,92,3991.84,5,5,5,15,High Value
14735,15,92,2634.21,5,5,5,15,High Value
14738,38,25,525.69,3,3,3,9,Medium Value
14739,58,12,593.74,3,2,3,8,Low Value
14740,36,89,1448.21,4,5,5,14,High Value
14741,3,8,173.56,5,1,1,7,Low Value
14744,136,14,703.03,1,2,4,7,Low Value
14745,23,31,581.67,4,3,3,10,Medium Value
14747,88,18,328.2,2,2,2,6,Low Value
14748,51,19,300.71,3,2,2,7,Low Value
14754,134,15,228.26999999999998,1,2,2,5,Lost
14755,15,118,2239.28,5,5,5,15,High Value
14758,44,57,1206.94,3,4,4,11,Medium Value
14759,71,35,572.25,2,3,3,8,Low Value
14760,136,5,89.2,1,1,1,3,Lost
14761,173,7,97.5,1,1,1,3,Lost
14762,102,21,300.52,2,2,2,6,Low Value
14765,15,7,80.5,5,1,1,7,Low Value
14766,7,87,1350.92,5,5,5,15,High Value
14769,40,572,5287.24,3,5,5,13,High Value
14770,71,52,876.42,2,4,4,10,Medium Value
14776,10,68,1469.16,5,4,5,14,High Value
14778,147,18,334.05,1,2,2,5,Lost
14779,119,41,386.15,1,4,3,8,Low Value
14782,158,6,200.10000000000002,1,1,1,3,Lost
14784,162,4,114.68,1,1,1,3,Lost
14790,92,10,152.16,2,1,1,4,Lost
14794,42,40,679.54,3,4,4,11,Medium Value
14795,5,6,131.45000000000002,5,1,1,7,Low Value
14796,11,497,2981.89,5,5,5,15,High Value
14798,149,6,75.68,1,1,1,3,Lost
14800,30,191,2166.26,4,5,5,14,High Value
14803,1,44,845.55,5,4,4,13,High Value
14805,152,19,109.25,1,2,1,4,Lost
14808,5,98,920.51,5,5,4,14,High Value
14810,37,147,1098.26,4,5,4,13,High Value
14816,36,4,271.85,4,1,2,7,Low Value
14817,39,63,1110.34,3,4,4,11,Medium Value
14818,8,25,409.63,5,3,3,11,Medium Value
14819,31,3,84.72,4,1,1,6,Low Value
14820,12,8,139.77,5,1,1,7,Low Value
14823,19,70,321.43,4,4,2,10,Medium Value
14825,8,58,804.99,5,4,4,13,High Value
14828,35,17,2139.76,4,2,5,11,Medium Value
14829,23,8,146.3,4,1,1,6,Low Value
14834,79,11,243.69,2,1,2,5,Lost
14837,5,65,957.44,5,4,4,13,High Value
14840,106,4,62.85,2,1,1,4,Lost
14841,18,87,1980.41,4,5,5,14,High Value
14842,30,78,1688.48,4,5,5,14,High Value
14844,15,66,1543.35,5,4,5,14,High Value
14849,15,144,2830.76,5,5,5,15,High Value
14850,150,21,325.75,1,2,2,5,Lost
14851,95,14,206.13,2,2,2,6,Low Value
14852,16,58,1208.25,5,4,4,13,High Value
14853,50,3,214.5,3,1,2,6,Low Value
14854,3,96,1913.38,5,5,5,15,High Value
14859,43,11,296.86,3,1,2,6,Low Value
14867,24,36,710.28,4,3,4,11,Medium Value
14868,72,24,439.33,2,3,3,8,Low Value
14870,100,13,327.25,2,2,2,6,Low Value
14871,17,37,214.35,4,3,2,9,Medium Value
14873,49,28,519.68,3,3,3,9,Medium Value
14875,101,5,362.0,2,1,3,6,Low Value
14878,12,68,761.01,5,4,4,13,High Value
14880,24,25,347.67,4,3,2,9,Medium Value
14883,2,25,358.48,5,3,3,11,Medium Value
14886,91,18,364.8,2,2,3,7,Low Value
14888,46,20,369.2,3,2,3,8,Low Value
14889,175,10,135.9,1,1,1,3,Lost
14890,92,7,125.65,2,1,1,4,Lost
14891,26,27,449.38,4,3,3,10,Medium Value
14895,21,216,4729.76,4,5,5,14,High Value
14896,43,11,211.55,3,1,2,6,Low Value
14897,135,10,175.5,1,1,1,3,Lost
14898,79,21,512.43,2,2,3,7,Low Value
14903,39,205,1796.93,3,5,5,13,High Value
14905,72,9,308.55,2,1,2,5,Lost
14911,1,1659,41135.0,5,5,5,15,High Value
14912,85,14,482.78999999999996,2,2,3,7,Low Value
14913,22,45,616.28,4,4,3,11,Medium Value
14915,116,8,142.28,1,1,1,3,Lost
14916,163,15,295.05,1,2,2,5,Lost
14920,51,57,977.77,3,4,4,11,Medium Value
14921,40,53,903.01,3,4,4,11,Medium Value
14924,84,10,310.05,2,1,2,5,Lost
14930,113,62,1104.13,1,4,4,9,Medium Value
14931,45,10,586.0,3,1,3,7,Low Value
14934,121,39,828.84,1,4,4,9,Medium Value
14935,136,10,1784.71,1,1,5,7,Low Value
14936,14,162,3636.39,5,5,5,15,High Value
14944,25,67,1832.03,4,4,5,13,High Value
14948,58,13,278.4,3,2,2,7,Low Value
14952,45,80,2848.4500000000003,3,5,5,13,High Value
14957,92,12,58.49,2,2,1,5,Lost
14958,24,33,376.33,4,3,3,10,Medium Value
14959,54,45,422.38,3,4,3,10,Medium Value
14960,10,2,88.3,5,1,1,7,Low Value
14961,71,104,1996.96,2,5,5,12,High Value
14962,109,5,126.7,1,1,1,3,Lost
14963,22,38,294.2,4,3,2,9,Medium Value
14964,86,13,206.21,2,2,2,6,Low Value
14970,91,12,782.25,2,2,4,8,Low Value
14973,64,5,654.6,2,1,3,6,Low Value
14976,35,46,450.26,4,4,3,11,Medium Value
14978,74,176,1527.23,2,5,5,12,High Value
14981,85,8,102.12,2,1,1,4,Lost
14984,19,16,102.23,4,2,1,7,Low Value
14985,37,37,172.24,4,3,1,8,Low Value
14988,50,40,334.54,3,4,2,9,Medium Value
14995,119,37,119.31,1,3,1,5,Lost
14997,17,9,155.28,4,1,1,6,Low Value
14998,9,74,414.87,5,5,3,13,High Value
15002,135,44,515.94,1,4,3,8,Low Value
15005,1,533,3004.54,5,5,5,15,High Value
15014,15,3,117.72999999999999,5,1,1,7,Low Value
15016,11,20,170.04,5,2,1,8,Low Value
15018,91,12,180.09,2,2,1,5,Lost
15019,105,66,252.81,2,4,2,8,Low Value
15021,14,168,679.76,5,5,4,14,High Value
15023,8,302,3163.81,5,5,5,15,High Value
15024,135,13,189.37,1,2,1,4,Lost
15026,79,26,230.78,2,3,2,7,Low Value
15027,7,31,966.9699999999999,5,3,4,12,High Value
15030,107,3,152.76,1,1,1,3,Lost
15031,121,24,150.83,1,3,1,5,Lost
15032,95,22,2188.5,2,3,5,10,Medium Value
15033,47,177,1155.62,3,5,4,12,High Value
15034,71,145,1819.98,2,5,5,12,High Value
15036,16,53,212.49,5,4,2,11,Medium Value
15038,26,73,378.82,4,5,3,12,High Value
15039,1,936,14137.51,5,5,5,15,High Value
15041,9,66,179.93,5,4,1,10,Medium Value
15042,38,5,135.93,3,1,1,5,Lost
15044,15,148,2908.92,5,5,5,15,High Value
15045,96,4,388.9,2,1,3,6,Low Value
15046,12,126,2879.41,5,5,5,15,High Value
15047,108,22,343.62,1,3,2,6,Low Value
15048,59,36,155.55,3,3,1,7,Low Value
15049,112,3,121.17000000000002,1,1,1,3,Lost
15052,158,28,207.73000000000002,1,3,2,6,Low Value
15053,120,20,222.65,1,2,2,5,Lost
15057,114,25,1489.5,1,3,5,9,Medium Value
15058,22,151,1000.41,4,5,4,13,High Value
15059,9,141,732.93,5,5,4,14,High Value
15061,10,135,12269.38,5,5,5,15,High Value
15062,56,34,604.96,3,3,3,9,Medium Value
15063,52,5,370.79999999999995,3,1,3,7,Low Value
15065,3,138,2858.75,5,5,5,15,High Value
15067,121,35,848.05,1,3,4,8,Low Value
15068,95,39,239.95999999999998,2,4,2,8,Low Value
15069,18,70,1109.53,4,4,4,12,High Value
15071,114,12,588.6700000000001,1,2,3,6,Low Value
15073,24,44,861.96,4,4,4,12,High Value
15076,11,49,880.85,5,4,4,13,High Value
15078,29,164,3365.51,4,5,5,14,High Value
15079,51,43,753.66,3,4,4,11,Medium Value
15081,47,9,136.9,3,1,1,5,Lost
15083,95,5,88.2,2,1,1,4,Lost
15087,120,15,306.94,1,2,2,5,Lost
15090,147,23,381.32,1,3,3,7,Low Value
15092,54,26,457.81,3,3,3,9,Medium Value
15093,45,66,2772.95,3,4,5,12,High Value
15095,42,29,770.5,3,3,4,10,Medium Value
15098,21,3,39916.5,4,1,5,10,Medium Value
15100,172,1,175.2,1,1,1,3,Lost
15104,35,67,993.54,4,4,4,12,High Value
15106,50,53,778.45,3,4,4,11,Medium Value
15107,150,9,142.45,1,1,1,3,Lost
15108,25,31,623.45,4,3,3,10,Medium Value
15109,84,28,484.95,2,3,3,8,Low Value
15110,157,9,169.65,1,1,1,3,Lost
15114,21,71,1027.25,4,4,4,12,High Value
15116,43,15,479.65,3,2,3,8,Low Value
15117,54,8,312.4,3,1,2,6,Low Value
15119,84,14,266.4,2,2,2,6,Low Value
15121,127,18,295.15,1,2,2,5,Lost
15122,43,46,930.61,3,4,4,11,Medium Value
15123,45,53,1069.47,3,4,4,11,Medium Value
15124,30,9,90.75,4,1,1,6,Low Value
15125,11,89,8380.18,5,5,5,15,High Value
15128,7,60,858.1,5,4,4,13,High Value
15129,15,58,1801.33,5,4,5,14,High Value
15130,8,22,330.11,5,3,2,10,Medium Value
15132,38,25,489.87,3,3,3,9,Medium Value
15133,96,17,657.9,2,2,3,7,Low Value
15134,16,24,411.08,5,3,3,11,Medium Value
15135,78,9,139.05,2,1,1,4,Lost
15139,78,13,178.96,2,2,1,5,Lost
15140,37,39,1127.45,4,4,4,12,High Value
15143,64,14,259.45,2,2,2,6,Low Value
15144,56,52,1695.02,3,4,5,12,High Value
15145,66,41,724.03,2,4,4,10,Medium Value
15146,3,91,1327.16,5,5,5,15,High Value
15147,79,28,623.5,2,3,3,8,Low Value
15150,25,94,1318.07,4,5,5,14,High Value
15152,26,43,756.1,4,4,4,12,High Value
15159,10,162,4284.61,5,5,5,15,High Value
15163,31,10,155.0,4,1,1,6,Low Value
15164,47,55,363.23,3,4,3,10,Medium Value
15167,159,39,158.8,1,4,1,6,Low Value
15171,170,5,1289.5,1,1,4,6,Low Value
15172,35,38,526.2,4,3,3,10,Medium Value
15174,161,11,135.75,1,1,1,3,Lost
15178,99,3,40.5,2,1,1,4,Lost
15179,72,46,1455.12,2,4,5,11,Medium Value
15181,14,10,434.99999999999994,5,1,3,9,Medium Value
15182,107,16,370.48,1,2,3,6,Low Value
15184,29,20,235.23000000000002,4,2,2,8,Low Value
15186,7,10,229.26,5,1,2,8,Low Value
15187,7,12,1038.8,5,2,4,11,Medium Value
15189,2,95,6319.43,5,5,5,15,High Value
15192,30,25,422.99,4,3,3,10,Medium Value
15194,9,121,2508.52,5,5,5,15,High Value
15197,91,12,216.75,2,2,2,6,Low Value
15199,74,6,657.15,2,1,3,6,Low Value
15201,43,38,602.27,3,3,3,9,Medium Value
15203,37,56,692.9,4,4,4,12,High Value
15206,114,1,17.700000000000003,1,1,1,3,Lost
15208,2,13,258.12,5,2,2,9,Medium Value
15210,64,20,331.18,2,2,2,6,Low Value
15212,80,5,101.8,2,1,1,4,Lost
15213,157,24,328.35,1,3,2,6,Low Value
15214,22,46,651.63,4,4,3,11,Medium Value
15218,17,84,2447.6,4,5,5,14,High Value
15219,15,9,305.75,5,1,2,8,Low Value
15220,8,61,946.81,5,4,4,13,High Value
15222,157,5,585.0,1,1,3,5,Lost
15223,64,20,755.75,2,2,4,8,Low Value
15225,73,23,409.40000000000003,2,3,3,8,Low Value
15226,149,8,154.41,1,1,1,3,Lost
15227,54,43,876.8199999999999,3,4,4,11,Medium Value
15228,8,43,1253.45,5,4,4,13,High Value
15230,78,23,429.6,2,3,3,8,Low Value
15234,115,14,197.0,1,2,1,4,Lost
15235,56,100,1552.8700000000001,3,5,5,13,High Value
15236,137,15,321.05,1,2,2,5,Lost
15237,42,76,1093.65,3,5,4,12,High Value
15238,23,14,300.14,4,2,2,8,Low Value
15240,30,42,1045.38,4,4,4,12,High Value
15241,22,70,1065.36,4,4,4,12,High Value
15244,87,15,297.94,2,2,2,6,Low Value
15245,26,65,1737.72,4,4,5,13,High Value
15246,77,21,328.15000000000003,2,2,2,6,Low Value
15249,35,144,2841.37,4,5,5,14,High Value
15251,17,58,5489.2,4,4,5,13,High Value
15252,22,14,300.55,4,2,2,8,Low Value
15253,8,12,173.85,5,2,1,8,Low Value
15257,122,7,317.15,1,1,2,4,Lost
15258,7,34,623.16,5,3,3,11,Medium Value
15260,25,37,849.98,4,3,4,11,Medium Value
15262,162,10,178.95000000000002,1,1,1,3,Lost
15265,74,42,712.24,2,4,4,10,Medium Value
15266,177,6,119.3,1,1,1,3,Lost
15267,21,5,1035.76,4,1,4,9,Medium Value
15270,77,28,1313.75,2,3,5,10,Medium Value
15271,1,57,944.7,5,4,4,13,High Value
15280,11,16,113.12,5,2,1,8,Low Value
15281,36,114,1927.41,4,5,5,14,High Value
15288,39,43,1458.35,3,4,5,12,High Value
15289,88,19,375.45,2,2,3,7,Low Value
15290,42,69,1812.97,3,4,5,12,High Value
15291,11,77,2657.37,5,5,5,15,High Value
15292,40,24,178.39,3,3,1,7,Low Value
15296,14,113,2091.49,5,5,5,15,High Value
15298,26,73,1379.6,4,5,5,14,High Value
15299,3,2,1200.0,5,1,4,10,Medium Value
15301,11,92,2139.7400000000002,5,5,5,15,High Value
15303,129,31,574.02,1,3,3,7,Low Value
15304,3,13,368.75,5,2,3,10,Medium Value
15308,113,19,310.47,1,2,2,5,Lost
15311,2,1140,34333.98,5,5,5,15,High Value
15312,54,13,318.15999999999997,3,2,2,7,Low Value
15314,38,24,327.97,3,3,2,8,Low Value
15316,165,1,165.0,1,1,1,3,Lost
15319,122,16,204.5,1,2,1,4,Lost
15321,130,38,1159.47,1,3,4,8,Low Value
15326,172,29,311.71,1,3,2,6,Low Value
15329,10,16,309.1,5,2,2,9,Medium Value
15333,47,16,1028.56,3,2,4,9,Medium Value
15334,2,61,223.29,5,4,2,11,Medium Value
15339,157,41,257.9,1,4,2,7,Low Value
15346,171,17,252.42000000000002,1,2,2,5,Lost
15349,26,59,356.21,4,4,2,10,Medium Value
15353,93,49,458.47,2,4,3,9,Medium Value
15356,14,222,1228.5,5,5,4,14,High Value
15358,17,268,4152.4,4,5,5,14,High Value
15364,93,3,331.80000000000007,2,1,2,5,Lost
15365,154,12,208.61,1,2,2,5,Lost
15367,84,65,1416.18,2,4,5,11,Medium Value
15370,42,51,1127.94,3,4,4,11,Medium Value
15373,12,76,983.2,5,5,4,14,High Value
15376,61,58,642.37,3,4,3,10,Medium Value
15379,8,133,2211.83,5,5,5,15,High Value
15381,52,8,596.85,3,1,3,7,Low Value
15382,23,130,2127.12,4,5,5,14,High Value
15384,8,21,338.84,5,2,2,9,Medium Value
15386,25,31,394.14,4,3,3,10,Medium Value
15388,109,10,140.54,1,1,1,3,Lost
15389,11,1,500.0,5,1,3,9,Medium Value
15393,120,8,124.10000000000001,1,1,1,3,Lost
15394,43,30,848.78,3,3,4,10,Medium Value
15395,164,7,107.45,1,1,1,3,Lost
15397,128,6,94.0,1,1,1,3,Lost
15400,23,7,458.8,4,1,3,8,Low Value
15402,35,28,440.99,4,3,3,10,Medium Value
15405,28,8,349.1,4,1,2,7,Low Value
15406,140,43,252.29,1,4,2,7,Low Value
15407,22,62,740.73,4,4,4,12,High Value
15408,103,34,267.18,2,3,2,7,Low Value
15410,11,78,2361.9300000000003,5,5,5,15,High Value
15411,21,10,156.4,4,1,1,6,Low Value
15412,10,10,190.53,5,1,1,7,Low Value
15414,81,5,36.2,2,1,1,4,Lost
15415,152,47,559.61,1,4,3,8,Low Value
15416,78,107,2274.43,2,5,5,12,High Value
15421,54,41,739.36,3,4,4,11,Medium Value
15422,162,6,97.7,1,1,1,3,Lost
15424,93,17,383.34,2,2,3,7,Low Value
15426,96,34,251.56,2,3,2,7,Low Value
15433,52,41,533.3,3,4,3,10,Medium Value
15434,39,12,306.96,3,2,2,7,Low Value
15436,73,125,484.1,2,5,3,10,Medium Value
15437,101,45,200.16,2,4,1,7,Low Value
15440,47,20,125.8,3,2,1,6,Low Value
15442,87,2,594.0,2,1,3,6,Low Value
15443,159,51,437.71,1,4,3,8,Low Value
15445,103,5,113.5,2,1,1,4,Lost
15447,169,9,155.17,1,1,1,3,Lost
15448,151,28,494.64,1,3,3,7,Low Value
15449,24,40,647.7,4,4,3,11,Medium Value
15452,103,41,237.0,2,4,2,8,Low Value
15453,8,74,339.38,5,5,2,12,High Value
15456,122,33,203.37,1,3,1,5,Lost
15457,101,58,237.07,2,4,2,8,Low Value
15462,26,5,105.0,4,1,1,6,Low Value
15464,177,155,1044.65,1,5,4,10,Medium Value
15465,19,52,4484.66,4,4,5,13,High Value
15482,4,14,1379.86,5,2,5,12,High Value
15483,105,52,110.95,2,4,1,7,Low Value
15485,175,20,328.54,1,2,2,5,Lost
15489,50,23,348.26,3,3,2,8,Low Value
15491,18,129,2409.95,4,5,5,14,High Value
15493,88,139,919.45,2,5,4,11,Medium Value
15497,158,10,970.6,1,1,4,6,Low Value
15498,7,310,7133.99,5,5,5,15,High Value
15502,114,55,1711.06,1,4,5,10,Medium Value
15507,10,45,475.86,5,4,3,12,High Value
15508,28,92,1000.27,4,5,4,13,High Value
15510,169,1,250.0,1,1,2,4,Lost
15513,14,147,5781.3,5,5,5,15,High Value
15514,64,35,677.23,2,3,4,9,Medium Value
15517,72,27,267.03,2,3,2,7,Low Value
15518,54,106,974.17,3,5,4,12,High Value
15521,51,123,1667.78,3,5,5,13,High Value
15527,21,53,925.89,4,4,4,12,High Value
15528,93,26,229.33,2,3,2,7,Low Value
15529,49,278,1609.1,3,5,5,13,High Value
15530,8,77,985.84,5,5,4,14,High Value
15532,5,91,536.59,5,5,3,13,High Value
15535,12,72,502.9,5,5,3,13,High Value
15537,2,24,110.92,5,3,1,9,Medium Value
15543,127,28,127.86,1,3,1,5,Lost
15544,12,127,1722.95,5,5,5,15,High Value
15547,33,230,1615.76,4,5,5,14,High Value
15549,155,60,930.3000000000001,1,4,4,9,Medium Value
15550,9,29,279.03999999999996,5,3,2,10,Medium Value
15552,56,17,90.12,3,2,1,6,Low Value
15554,116,14,217.2,1,2,2,5,Lost
15555,14,237,1123.11,5,5,4,14,High Value
15561,54,7,265.75,3,1,2,6,Low Value
15563,39,40,465.43,3,4,3,10,Medium Value
15569,171,7,288.5,1,1,2,4,Lost
15570,45,110,1460.78,3,5,5,13,High Value
15572,87,91,873.54,2,5,4,11,Medium Value
15574,16,9,112.1,5,1,1,7,Low Value
15577,144,4,29.65,1,1,1,3,Lost
15578,1,13,127.1,5,2,1,8,Low Value
15579,152,25,195.35,1,3,1,5,Lost
15581,11,74,325.78000000000003,5,5,2,12,High Value
15582,59,22,303.61,3,3,2,8,Low Value
15584,1,35,150.4,5,3,1,9,Medium Value
15585,15,31,455.3,5,3,3,11,Medium Value
15589,94,29,478.53000000000003,2,3,3,8,Low Value
15594,73,15,267.91,2,2,2,6,Low Value
15596,53,54,987.37,3,4,4,11,Medium Value
15599,43,29,448.83,3,3,3,9,Medium Value
15601,9,234,3886.95,5,5,5,15,High Value
15602,39,13,390.4,3,2,3,8,Low Value
15605,91,27,495.33,2,3,3,8,Low Value
15606,9,57,2136.16,5,4,5,14,High Value
15607,175,13,104.76,1,2,1,4,Lost
15609,23,16,298.48,4,2,2,8,Low Value
15611,2,14,546.67,5,2,3,10,Medium Value
15615,1,208,4819.99,5,5,5,15,High Value
15620,59,29,450.52,3,3,3,9,Medium Value
15622,36,138,2602.0,4,5,5,14,High Value
15624,45,18,311.4,3,2,2,7,Low Value
15625,18,46,945.27,4,4,4,12,High Value
15626,168,20,281.88,1,2,2,5,Lost
15628,21,39,685.94,4,4,4,12,High Value
15630,43,21,396.86,3,2,3,8,Low Value
15632,21,73,1556.66,4,5,5,14,High Value
15636,121,8,306.7,1,1,2,4,Lost
15640,24,143,3995.83,4,5,5,14,High Value
15641,99,62,997.01,2,4,4,10,Medium Value
15643,30,33,664.0,4,3,3,10,Medium Value
15644,5,232,803.54,5,5,4,14,High Value
15646,85,11,150.24,2,1,1,4,Lost
15648,43,24,639.5,3,3,3,9,Medium Value
15649,175,1,306.0,1,1,2,4,Lost
15651,99,16,227.32,2,2,2,6,Low Value
15655,82,34,560.67,2,3,3,8,Low Value
15656,17,35,563.63,4,3,3,10,Medium Value
15658,29,34,717.9,4,3,4,11,Medium Value
15660,43,31,529.72,3,3,3,9,Medium Value
15661,156,5,309.8,1,1,2,4,Lost
15665,7,115,2222.21,5,5,5,15,High Value
15668,56,1,76.32000000000001,3,1,1,5,Lost
15669,15,25,434.74,5,3,3,11,Medium Value
15670,135,12,173.05,1,2,1,4,Lost
15671,81,50,1033.13,2,4,4,10,Medium Value
15673,53,86,1696.04,3,5,5,13,High Value
15674,52,60,1379.66,3,4,5,12,High Value
15675,119,3,45.0,1,1,1,3,Lost
15676,122,61,897.8,1,4,4,9,Medium Value
15679,21,13,178.22,4,2,1,7,Low Value
15681,22,32,703.22,4,3,4,11,Medium Value
15687,25,97,1679.45,4,5,5,14,High Value
15691,91,2,136.8,2,1,1,4,Lost
15694,15,27,2458.45,5,3,5,13,High Value
15695,105,22,409.98,2,3,3,8,Low Value
15696,59,103,1629.95,3,5,5,13,High Value
15700,11,86,696.68,5,5,4,14,High Value
15703,103,5,211.5,2,1,2,5,Lost
15704,26,74,1507.32,4,5,5,14,High Value
15705,40,6,143.1,3,1,1,5,Lost
15708,61,140,1639.92,3,5,5,13,High Value
15709,122,6,133.25,1,1,1,3,Lost
15712,22,27,458.65000000000003,4,3,3,10,Medium Value
15716,40,55,355.34000000000003,3,4,2,9,Medium Value
15717,73,7,150.3,2,1,1,4,Lost
15719,17,529,2771.02,4,5,5,14,High Value
15722,26,32,759.3000000000001,4,3,4,11,Medium Value
15724,40,11,218.25,3,1,2,6,Low Value
15727,37,92,1714.02,4,5,5,14,High Value
15729,51,5,85.0,3,1,1,5,Lost
15730,45,29,467.43,3,3,3,9,Medium Value
15732,51,9,156.02,3,1,1,5,Lost
15733,121,10,162.3,1,1,1,3,Lost
15734,39,11,578.6500000000001,3,1,3,7,Low Value
15737,25,43,712.73,4,4,4,12,High Value
15738,22,93,2599.41,4,5,5,14,High Value
15743,23,18,322.55,4,2,2,8,Low Value
15745,75,18,302.85,2,2,2,6,Low Value
15747,11,19,242.65,5,2,2,9,Medium Value
15749,74,10,44534.3,2,1,5,8,Low Value
15750,9,113,767.66,5,5,4,14,High Value
15752,88,143,783.03,2,5,4,11,Medium Value
15753,143,1,79.2,1,1,1,3,Lost
15754,85,6,91.8,2,1,1,4,Lost
15755,74,37,620.73,2,3,3,8,Low Value
15756,52,86,244.17,3,5,2,10,Medium Value
15757,56,16,261.36,3,2,2,7,Low Value
15759,57,3,155.8,3,1,1,5,Lost
15764,23,92,1694.52,4,5,5,14,High Value
15768,42,18,479.15,3,2,3,8,Low Value
15769,11,60,30673.92,5,4,5,14,High Value
15775,84,7,104.9,2,1,1,4,Lost
15777,80,16,681.56,2,2,4,8,Low Value
15780,22,17,298.13,4,2,2,8,Low Value
15781,144,5,83.35,1,1,1,3,Lost
15785,36,45,1330.4,4,4,5,13,High Value
15791,43,54,1223.24,3,4,4,11,Medium Value
15793,107,3,306.64,1,1,2,4,Lost
15796,26,68,1246.97,4,4,4,12,High Value
15797,53,7,1840.2,3,1,5,9,Medium Value
15799,24,37,481.24,4,3,3,10,Medium Value
15800,85,14,244.5,2,2,2,6,Low Value
15804,9,62,1125.39,5,4,4,13,High Value
15805,14,152,2626.9500000000003,5,5,5,15,High Value
15806,115,16,300.36,1,2,2,5,Lost
15808,145,98,1469.82,1,5,5,11,Medium Value
15809,23,27,399.21,4,3,3,10,Medium Value
15810,9,87,1361.19,5,5,5,15,High Value
15811,44,51,856.04,3,4,4,11,Medium Value
15812,28,32,1054.22,4,3,4,11,Medium Value
15813,46,40,1303.9099999999999,3,4,4,11,Medium Value
15815,51,19,1394.08,3,2,5,10,Medium Value
15819,38,77,1177.14,3,5,4,12,High Value
15820,158,17,206.98,1,2,2,5,Lost
15825,11,20,532.94,5,2,3,10,Medium Value
15826,49,28,720.0,3,3,4,10,Medium Value
15827,22,56,924.74,4,4,4,12,High Value
15831,163,17,309.94,1,2,2,5,Lost
15832,93,54,836.79,2,4,4,10,Medium Value
15834,4,192,1783.22,5,5,5,15,High Value
15835,99,26,488.31,2,3,3,8,Low Value
15838,4,67,8610.06,5,4,5,14,High Value
15840,11,17,241.74,5,2,2,9,Medium Value
15841,57,24,613.26,3,3,3,9,Medium Value
15843,142,8,118.95000000000002,1,1,1,3,Lost
15845,18,72,1963.34,4,5,5,14,High Value
15847,127,9,180.68,1,1,1,3,Lost
15850,7,44,116.16,5,4,1,10,Medium Value
15852,25,22,160.71,4,3,1,8,Low Value
15854,11,77,1807.5900000000001,5,5,5,15,High Value
15855,22,59,474.69,4,4,3,11,Medium Value
15856,21,157,4269.33,4,5,5,14,High Value
15858,128,58,432.29,1,4,3,8,Low Value
15860,71,38,317.6,2,3,2,7,Low Value
15861,105,113,716.24,2,5,4,11,Medium Value
15862,43,23,136.78,3,3,1,7,Low Value
15863,31,2,9.2,4,1,1,6,Low Value
15864,16,7,414.26,5,1,3,9,Medium Value
15865,52,16,313.93,3,2,2,7,Low Value
15867,22,171,1499.3,4,5,5,14,High Value
15869,116,15,149.64,1,2,1,4,Lost
15874,16,87,2207.75,5,5,5,15,High Value
15881,151,25,346.14,1,3,2,6,Low Value
15882,37,7,145.04000000000002,4,1,1,6,Low Value
15885,148,1,15.0,1,1,1,3,Lost
15891,65,60,511.68,2,4,3,9,Medium Value
15894,92,3,106.81,2,1,1,4,Lost
15897,33,22,208.59,4,3,2,9,Medium Value
15898,65,10,481.3,2,1,3,6,Low Value
15903,66,26,641.6400000000001,2,3,3,8,Low Value
15906,58,64,683.16,3,4,4,11,Medium Value
15907,15,109,477.59000000000003,5,5,3,13,High Value
15909,12,7,191.94,5,1,1,7,Low Value
15910,46,135,550.61,3,5,3,11,Medium Value
15912,17,19,264.62,4,2,2,8,Low Value
15916,30,56,614.5,4,4,3,11,Medium Value
15917,86,12,123.1,2,2,1,5,Lost
15918,29,40,334.23,4,4,2,10,Medium Value
15921,11,24,323.03000000000003,5,3,2,10,Medium Value
15925,33,12,207.15,4,2,2,8,Low Value
15932,4,60,1583.3700000000001,5,4,5,14,High Value
15935,78,12,416.86,2,2,3,7,Low Value
15938,40,13,335.3,3,2,2,7,Low Value
15939,19,62,5219.87,4,4,5,13,High Value
15940,150,1,35.8,1,1,1,3,Lost
15944,115,6,325.1,1,1,2,4,Lost
15951,124,22,375.16999999999996,1,3,3,7,Low Value
15952,64,14,232.65,2,2,2,6,Low Value
15953,50,23,616.3,3,3,3,9,Medium Value
15955,42,32,873.24,3,3,4,10,Medium Value
15967,157,33,161.9,1,3,1,5,Lost
15969,24,10,308.7,4,1,2,7,Low Value
15970,142,11,314.1,1,1,2,4,Lost
15971,81,11,1086.15,2,1,4,7,Low Value
15974,23,105,2054.85,4,5,5,14,High Value
15976,4,96,427.64,5,5,3,13,High Value
15980,93,20,760.18,2,2,4,8,Low Value
15981,7,49,2061.0,5,4,5,14,High Value
15984,72,66,652.63,2,4,3,9,Medium Value
15985,75,27,899.58,2,3,4,9,Medium Value
15987,38,4,402.6,3,1,3,7,Low Value
15990,126,23,401.37,1,3,3,7,Low Value
15996,4,63,504.95,5,4,3,12,High Value
15998,10,223,1241.87,5,5,4,14,High Value
16003,4,34,573.7,5,3,3,11,Medium Value
16005,21,83,275.41,4,5,2,11,Medium Value
16006,50,8,101.4,3,1,1,5,Lost
16007,19,159,727.67,4,5,4,13,High Value
16008,43,6,139.15,3,1,1,5,Lost
16010,84,55,282.3,2,4,2,8,Low Value
16011,15,71,961.36,5,4,4,13,High Value
16013,11,31,12348.32,5,3,5,13,High Value
16014,130,58,253.63,1,4,2,7,Low Value
16016,35,55,428.05,4,4,3,11,Medium Value
16018,19,15,161.9,4,2,1,7,Low Value
16019,71,71,2270.4,2,4,5,11,Medium Value
16022,99,71,602.63,2,4,3,9,Medium Value
16023,31,65,500.69,4,4,3,11,Medium Value
16027,15,10,625.37,5,1,3,9,Medium Value
16029,3,94,26633.34,5,5,5,15,High Value
16030,148,29,331.24,1,3,2,6,Low Value
16031,86,39,305.63,2,4,2,8,Low Value
16033,4,422,3584.04,5,5,5,15,High Value
16034,35,22,437.7,4,3,3,10,Medium Value
16036,102,11,188.73,2,1,1,4,Lost
16037,108,24,554.5600000000001,1,3,3,7,Low Value
16038,16,23,393.33,5,3,3,11,Medium Value
16040,107,22,422.43,1,3,3,7,Low Value
16042,171,2,24.95,1,1,1,3,Lost
16043,50,31,676.49,3,3,4,10,Medium Value
16045,1,70,1130.65,5,4,4,13,High Value
16050,12,10,137.9,5,1,1,7,Low Value
16055,59,8,134.8,3,1,1,5,Lost
16057,50,60,1059.54,3,4,4,11,Medium Value
16059,2,114,826.35,5,5,4,14,High Value
16062,80,19,330.62,2,2,2,6,Low Value
16063,99,23,335.32,2,3,2,7,Low Value
16072,127,23,584.3199999999999,1,3,3,7,Low Value
16073,136,1,122.39999999999999,1,1,1,3,Lost
16076,47,16,305.45000000000005,3,2,2,7,Low Value
16078,122,1,79.2,1,1,1,3,Lost
16080,113,5,130.26,1,1,1,3,Lost
16081,24,41,834.77,4,4,4,12,High Value
16084,138,38,436.18,1,3,3,7,Low Value
16085,75,57,325.04,2,4,2,8,Low Value
16086,39,15,409.8,3,2,3,8,Low Value
16091,37,10,157.25,4,1,1,6,Low Value
16092,36,37,593.73,4,3,3,10,Medium Value
16094,58,16,252.1,3,2,2,7,Low Value
16096,103,12,320.62,2,2,2,6,Low Value
16097,79,10,185.04999999999998,2,1,1,4,Lost
16098,24,22,791.62,4,3,4,11,Medium Value
16099,64,19,318.3,2,2,2,6,Low Value
16103,25,29,805.26,4,3,4,11,Medium Value
16105,87,13,336.96,2,2,2,6,Low Value
16107,22,10,532.9,4,1,3,8,Low Value
16109,57,18,611.88,3,2,3,8,Low Value
16110,101,189,678.18,2,5,4,11,Medium Value
16112,172,10,136.14,1,1,1,3,Lost
16113,22,30,161.38,4,3,1,8,Low Value
16114,9,8,135.75000000000003,5,1,1,7,Low Value
16115,19,122,651.57,4,5,3,12,High Value
16116,50,34,612.78,3,3,3,9,Medium Value
16117,28,30,232.21,4,3,2,9,Medium Value
16121,54,71,285.94,3,4,2,9,Medium Value
16122,171,9,144.12,1,1,1,3,Lost
16124,156,11,249.0,1,1,2,4,Lost
16126,23,42,1844.0,4,4,5,13,High Value
16128,121,20,388.3,1,2,3,6,Low Value
16131,46,35,1664.52,3,3,5,11,Medium Value
16133,24,118,6791.37,4,5,5,14,High Value
16135,101,21,517.55,2,2,3,7,Low Value
16136,116,8,159.3,1,1,1,3,Lost
16139,45,6,139.79999999999998,3,1,1,5,Lost
16142,88,37,535.34,2,3,3,8,Low Value
16143,51,45,762.82,3,4,4,11,Medium Value
16144,85,1,175.2,2,1,1,4,Lost
16145,15,76,1344.94,5,5,5,15,High Value
16146,42,28,659.13,3,3,3,9,Medium Value
16148,135,1,76.32000000000001,1,1,1,3,Lost
16150,109,33,571.06,1,3,3,7,Low Value
16152,107,29,1829.04,1,3,5,9,Medium Value
16153,24,28,485.09000000000003,4,3,3,10,Medium Value
16156,45,47,1030.57,3,4,4,11,Medium Value
16159,120,14,348.2,1,2,2,5,Lost
16161,8,189,1990.46,5,5,5,15,High Value
16162,91,2,37.4,2,1,1,4,Lost
16163,71,1,415.00000000000006,2,1,3,6,Low Value
16168,25,34,1119.51,4,3,4,11,Medium Value
16170,22,59,944.87,4,4,4,12,High Value
16172,14,38,551.35,5,3,3,11,Medium Value
16175,8,42,736.89,5,4,4,13,High Value
16180,9,91,4327.28,5,5,5,15,High Value
16182,42,10,2517.0,3,1,5,9,Medium Value
16184,21,19,447.89,4,2,3,9,Medium Value
16185,71,19,335.0,2,2,2,6,Low Value
16186,28,60,1039.67,4,4,4,12,High Value
16187,8,159,3475.62,5,5,5,15,High Value
16188,65,39,565.77,2,4,3,9,Medium Value
16191,101,42,1988.0800000000002,2,4,5,11,Medium Value
16193,75,19,314.45,2,2,2,6,Low Value
16200,3,58,550.57,5,4,3,12,High Value
16203,66,9,147.6,2,1,1,4,Lost
16205,18,27,112.35,4,3,1,8,Low Value
16206,47,41,288.75,3,4,2,9,Medium Value
16208,128,40,497.59,1,4,3,8,Low Value
16209,18,30,1904.26,4,3,5,12,High Value
16210,52,26,3592.57,3,3,5,11,Medium Value
16212,122,30,498.15000000000003,1,3,3,7,Low Value
16214,9,44,1062.75,5,4,4,13,High Value
16216,106,37,914.9300000000001,2,3,4,9,Medium Value
16217,74,15,304.25,2,2,2,6,Low Value
16218,45,26,1257.46,3,3,4,10,Medium Value
16221,114,20,148.63,1,2,1,4,Lost
16222,157,122,773.5500000000001,1,5,4,10,Medium Value
16224,79,44,543.21,2,4,3,9,Medium Value
16225,15,72,600.5600000000001,5,5,3,13,High Value
16226,42,8,255.12,3,1,2,6,Low Value
16227,64,6,314.22,2,1,2,5,Lost
16229,51,12,358.2,3,2,3,8,Low Value
16230,28,35,542.03,4,3,3,10,Medium Value
16232,54,19,366.47,3,2,3,8,Low Value
16233,168,7,179.10000000000002,1,1,1,3,Lost
16235,25,36,665.29,4,3,4,11,Medium Value
16239,28,15,347.9,4,2,2,8,Low Value
16241,16,246,724.73,5,5,4,14,High Value
16242,4,80,846.59,5,5,4,14,High Value
16244,50,28,466.12,3,3,3,9,Medium Value
16245,95,30,453.98,2,3,3,8,Low Value
16247,9,16,114.56,5,2,1,8,Low Value
16249,40,27,1020.53,3,3,4,10,Medium Value
16250,100,10,163.3,2,1,1,4,Lost
16253,94,53,1700.4,2,4,5,11,Medium Value
16255,85,84,687.4200000000001,2,5,4,11,Medium Value
16256,105,13,752.4300000000001,2,2,4,8,Low Value
16257,15,2,46.95,5,1,1,7,Low Value
16258,8,56,1833.46,5,4,5,14,High Value
16261,85,54,252.52,2,4,2,8,Low Value
16265,99,102,2034.33,2,5,5,12,High Value
16266,15,33,488.84,5,3,3,11,Medium Value
16275,35,33,559.87,4,3,3,10,Medium Value
16276,15,6,810.6000000000001,5,1,4,10,Medium Value
16279,15,16,359.08000000000004,5,2,3,10,Medium Value
16282,178,11,168.3,1,1,1,3,Lost
16283,47,36,277.81,3,3,2,8,Low Value
16287,8,8,142.5,5,1,1,7,Low Value
16293,46,45,750.99,3,4,4,11,Medium Value
16297,107,20,301.9,1,2,2,5,Lost
16298,25,7,114.3,4,1,1,6,Low Value
16303,172,35,827.1800000000001,1,3,4,8,Low Value
16306,52,39,564.17,3,4,3,10,Medium Value
16308,56,2,960.0,3,1,4,8,Low Value
16309,79,21,334.2,2,2,2,6,Low Value
16315,169,14,226.37,1,2,2,5,Lost
16316,1,93,1884.67,5,5,5,15,High Value
16317,136,30,570.76,1,3,3,7,Low Value
16319,56,3,404.40000000000003,3,1,3,7,Low Value
16320,11,56,1038.46,5,4,4,13,High Value
16321,144,8,223.65,1,1,2,4,Lost
16323,35,1,207.50000000000003,4,1,2,7,Low Value
16324,16,47,155.37,5,4,1,10,Medium Value
16325,84,5,190.82000000000002,2,1,1,4,Lost
16326,12,87,909.1800000000001,5,5,4,14,High Value
16327,38,144,1934.04,3,5,5,13,High Value
16332,144,11,122.3,1,1,1,3,Lost
16333,31,33,13087.2,4,3,5,12,High Value
16339,123,18,94.05,1,2,1,4,Lost
16341,40,29,797.65,3,3,4,10,Medium Value
16342,18,7,136.95,4,1,1,6,Low Value
16348,30,105,559.0699999999999,4,5,3,12,High Value
16349,129,9,53.5,1,1,1,3,Lost
16350,172,22,376.7,1,3,3,7,Low Value
16351,171,8,153.9,1,1,1,3,Lost
16353,56,35,1645.2800000000002,3,3,5,11,Medium Value
16356,36,31,211.77,4,3,2,9,Medium Value
16357,1,12,257.95,5,2,2,9,Medium Value
16358,23,22,462.15000000000003,4,3,3,10,Medium Value
16359,15,51,1246.83,5,4,4,13,High Value
16365,92,3,120.9,2,1,1,4,Lost
16369,35,15,354.45,4,2,2,8,Low Value
16370,21,107,543.21,4,5,3,12,High Value
16374,101,26,154.2,2,3,1,6,Low Value
16377,106,5,676.2,2,1,4,7,Low Value
16378,86,23,362.95,2,3,3,8,Low Value
16383,107,53,309.46,1,4,2,7,Low Value
16384,102,24,409.1,2,3,3,8,Low Value
16386,92,4,61.10000000000001,2,1,1,4,Lost
16387,161,4,94.36,1,1,1,3,Lost
16389,44,16,670.17,3,2,4,9,Medium Value
16392,108,43,217.89,1,4,2,7,Low Value
16393,24,98,677.99,4,5,4,13,High Value
16394,10,60,933.1,5,4,4,13,High Value
16395,7,108,964.3,5,5,4,14,High Value
16398,92,63,1169.95,2,4,4,10,Medium Value
16399,74,31,178.41,2,3,1,6,Low Value
16401,1,73,1971.79,5,5,5,15,High Value
16402,103,3,87.8,2,1,1,4,Lost
16403,151,10,177.5,1,1,1,3,Lost
16405,141,5,167.25,1,1,1,3,Lost
16407,33,61,789.79,4,4,4,12,High Value
16409,81,118,803.5600000000001,2,5,4,11,Medium Value
16414,119,3,50.8,1,1,1,3,Lost
16418,65,18,145.91,2,2,1,5,Lost
16419,7,34,750.69,5,3,4,12,High Value
16422,3,207,20197.22,5,5,5,15,High Value
16424,30,5,133.56,4,1,1,6,Low Value
16425,141,21,302.7,1,2,2,5,Lost
16426,115,11,328.37,1,1,2,4,Lost
16427,102,9,241.06,2,1,2,5,Lost
16431,52,76,623.28,3,5,3,11,Medium Value
16434,31,40,716.72,4,4,4,12,High Value
16440,53,35,272.46,3,3,2,8,Low Value
16441,130,13,211.0,1,2,2,5,Lost
16442,66,56,285.37,2,4,2,8,Low Value
16444,33,45,240.08,4,4,2,10,Medium Value
16446,44,2,2.9,3,1,1,5,Lost
16448,37,19,182.99,4,2,1,7,Low Value
16449,36,40,707.69,4,4,4,12,High Value
16455,43,29,601.8,3,3,3,9,Medium Value
16456,66,68,789.02,2,4,4,10,Medium Value
16457,57,9,208.36,3,1,2,6,Low Value
16458,9,83,1333.8,5,5,5,15,High Value
16461,16,32,142.92,5,3,1,9,Medium Value
16462,24,2,68.0,4,1,1,6,Low Value
16463,43,19,319.37,3,2,2,7,Low Value
16466,19,47,520.29,4,4,3,11,Medium Value
16469,85,66,268.3,2,4,2,8,Low Value
16470,31,20,129.32,4,2,1,7,Low Value
16471,113,13,223.95000000000002,1,2,2,5,Lost
16473,3,18,316.11,5,2,2,9,Medium Value
16475,1,23,367.9,5,3,3,11,Medium Value
16477,53,64,1008.11,3,4,4,11,Medium Value
16483,31,19,139.35,4,2,1,7,Low Value
16484,12,25,404.3,5,3,3,11,Medium Value
16493,12,34,782.29,5,3,4,12,High Value
16494,135,50,826.53,1,4,4,9,Medium Value
16495,115,33,246.51,1,3,2,6,Low Value
16496,46,71,1185.04,3,4,4,11,Medium Value
16497,42,87,1550.7,3,5,5,13,High Value
16498,1,14,91.22,5,2,1,8,Low Value
16500,169,1,165.0,1,1,1,3,Lost
16503,53,37,605.3,3,3,3,9,Medium Value
16509,135,13,363.7,1,2,3,6,Low Value
16511,105,58,330.35,2,4,2,8,Low Value
16515,85,51,619.34,2,4,3,9,Medium Value
16517,116,17,162.7,1,2,1,4,Lost
16518,123,11,190.7,1,1,1,3,Lost
16520,25,96,720.8100000000001,4,5,4,13,High Value
16523,16,118,3227.6,5,5,5,15,High Value
16525,2,105,7862.75,5,5,5,15,High Value
16526,10,15,290.36,5,2,2,9,Medium Value
16529,29,30,455.25,4,3,3,10,Medium Value
16531,133,25,392.01,1,3,3,7,Low Value
16532,177,1,1910.4,1,1,5,7,Low Value
16539,58,8,306.36,3,1,2,6,Low Value
16545,3,3,339.3,5,1,2,8,Low Value
16546,129,19,487.75,1,2,3,6,Low Value
16549,173,33,119.49000000000001,1,3,1,5,Lost
16550,3,152,1217.59,5,5,4,14,High Value
16551,175,11,311.07,1,1,2,4,Lost
16552,81,12,284.44000000000005,2,2,2,6,Low Value
16553,2,67,4110.38,5,4,5,14,High Value
16554,61,21,314.11,3,2,2,7,Low Value
16556,1,116,1773.39,5,5,5,15,High Value
16558,15,185,2875.21,5,5,5,15,High Value
16566,9,9,463.88,5,1,3,9,Medium Value
16567,33,35,865.6,4,3,4,11,Medium Value
16570,1,69,1834.55,5,4,5,14,High Value
16571,15,59,896.79,5,4,4,13,High Value
16572,114,21,342.58,1,2,2,5,Lost
16573,129,16,292.63,1,2,2,5,Lost
16581,21,9,105.84,4,1,1,6,Low Value
16584,93,14,611.94,2,2,3,7,Low Value
16586,87,8,463.95,2,1,3,6,Low Value
16587,71,13,225.15,2,2,2,6,Low Value
16592,22,83,1520.98,4,5,5,14,High Value
16593,28,21,255.5,4,2,2,8,Low Value
16598,124,10,145.04999999999998,1,1,1,3,Lost
16600,92,18,237.46,2,2,2,6,Low Value
16607,46,64,1062.24,3,4,4,11,Medium Value
16609,36,110,1987.6200000000001,4,5,5,14,High Value
16610,58,6,75.66,3,1,1,5,Lost
16611,25,10,129.49,4,1,1,6,Low Value
16612,25,42,708.9,4,4,4,12,High Value
16614,21,26,506.19,4,3,3,10,Medium Value
16617,74,5,151.85,2,1,1,4,Lost
16618,49,54,1441.29,3,4,5,12,High Value
16619,102,14,226.21,2,2,2,6,Low Value
16620,99,5,95.75999999999999,2,1,1,4,Lost
16621,54,17,490.7,3,2,3,8,Low Value
16623,84,5,129.45,2,1,1,4,Lost
16624,36,21,426.43,4,2,3,9,Medium Value
16625,113,23,333.08,1,3,2,6,Low Value
16626,7,83,1706.8899999999999,5,5,5,15,High Value
16628,57,38,712.91,3,3,4,10,Medium Value
16633,19,41,703.32,4,4,4,12,High Value
16634,61,1,53.1,3,1,1,5,Lost
16637,64,16,303.62,2,2,2,6,Low Value
16638,96,58,1140.64,2,4,4,10,Medium Value
16639,45,20,471.15000000000003,3,2,3,8,Low Value
16642,46,15,307.73,3,2,2,7,Low Value
16643,84,27,487.51,2,3,3,8,Low Value
16644,16,62,833.78,5,4,4,13,High Value
16647,8,14,214.06,5,2,2,9,Medium Value
16652,51,46,3054.62,3,4,5,12,High Value
16654,26,15,309.85,4,2,2,8,Low Value
16655,24,58,1230.7,4,4,4,12,High Value
16656,31,27,3128.7200000000003,4,3,5,12,High Value
16657,93,66,215.43,2,4,2,8,Low Value
16659,28,2,39.12,4,1,1,6,Low Value
16660,49,5,384.36,3,1,3,7,Low Value
16667,123,20,200.4,1,2,1,4,Lost
16668,21,11,196.74,4,1,1,6,Low Value
16670,11,131,2145.15,5,5,5,15,High Value
16671,3,3,1382.88,5,1,5,11,Medium Value
16672,3,76,5001.54,5,5,5,15,High Value
16676,52,64,1098.5,3,4,4,11,Medium Value
16678,36,69,1266.65,4,4,4,12,High Value
16681,44,25,875.84,3,3,4,10,Medium Value
16682,26,11,525.5,4,1,3,8,Low Value
16684,44,108,21962.54,3,5,5,13,High Value
16686,33,177,844.5,4,5,4,13,High Value
16690,40,5,86.5,3,1,1,5,Lost
16692,95,3,1276.0,2,1,4,7,Low Value
16693,110,21,153.41,1,2,1,4,Lost
16696,42,9,558.9000000000001,3,1,3,7,Low Value
16697,80,21,112.75,2,2,1,5,Lost
16698,65,5,1998.0,2,1,5,8,Low Value
16700,18,191,3005.71,4,5,5,14,High Value
16701,12,58,2095.03,5,4,5,14,High Value
16705,46,91,5476.77,3,5,5,13,High Value
16709,38,50,1984.5900000000001,3,4,5,12,High Value
16710,46,189,1108.91,3,5,4,12,High Value
16711,141,2,384.6,1,1,3,5,Lost
16712,17,217,1592.0,4,5,5,14,High Value
16713,11,214,2382.76,5,5,5,15,High Value
16714,57,87,1129.06,3,5,4,12,High Value
16716,105,2,901.2,2,1,4,7,Low Value
16717,1,49,828.91,5,4,4,13,High Value
16719,74,62,544.95,2,4,3,9,Medium Value
16721,101,37,292.47,2,3,2,7,Low Value
16722,22,63,1453.94,4,4,5,13,High Value
16725,141,72,437.82,1,5,3,9,Medium Value
16726,35,77,647.59,4,5,3,12,High Value
16728,5,142,548.31,5,5,3,13,High Value
16729,15,288,3481.11,5,5,5,15,High Value
16730,73,37,480.94,2,3,3,8,Low Value
16735,78,59,1044.77,2,4,4,10,Medium Value
16738,136,1,3.75,1,1,1,3,Lost
16739,15,13,323.0,5,2,2,9,Medium Value
16743,50,54,631.47,3,4,3,10,Medium Value
16744,12,29,109.96,5,3,1,9,Medium Value
16745,1,272,4650.58,5,5,5,15,High Value
16746,33,196,2559.99,4,5,5,14,High Value
16748,56,34,910.2,3,3,4,10,Medium Value
16750,71,10,118.7,2,1,1,4,Lost
16755,65,83,908.47,2,5,4,11,Medium Value
16756,53,13,239.4,3,2,2,7,Low Value
16757,157,7,106.83000000000001,1,1,1,3,Lost
16763,37,23,611.85,4,3,3,10,Medium Value
16765,133,1,34.0,1,1,1,3,Lost
16766,112,34,1145.6,1,3,4,8,Low Value
16767,21,108,3043.2,4,5,5,14,High Value
16768,110,23,183.25,1,3,1,5,Lost
16769,99,38,361.54,2,3,3,8,Low Value
16770,75,88,387.18,2,5,3,10,Medium Value
16771,114,175,1651.75,1,5,5,11,Medium Value
16774,17,13,143.4,4,2,1,7,Low Value
16775,2,43,574.25,5,4,3,12,High Value
16777,96,37,173.52,2,3,1,6,Low Value
16778,113,5,93.18,1,1,1,3,Lost
16779,2,154,4350.01,5,5,5,15,High Value
16780,98,15,161.89,2,2,1,5,Lost
16782,43,47,770.3100000000001,3,4,4,11,Medium Value
16788,93,62,294.47,2,4,2,8,Low Value
16791,52,109,567.75,3,5,3,11,Medium Value
16792,121,12,110.38000000000001,1,2,1,4,Lost
16794,18,56,256.61,4,4,2,10,Medium Value
16801,2,75,1594.23,5,5,5,15,High Value
16804,109,19,118.05,1,2,1,4,Lost
16805,12,43,245.82,5,4,2,11,Medium Value
16806,8,53,523.82,5,4,3,12,High Value
16807,54,37,651.83,3,3,3,9,Medium Value
16808,113,19,166.5,1,2,1,4,Lost
16809,47,65,343.08,3,4,2,9,Medium Value
16810,31,15,309.54,4,2,2,8,Low Value
16813,12,163,443.72,5,5,3,13,High Value
16814,15,211,4121.72,5,5,5,15,High Value
16816,152,15,249.67000000000002,1,2,2,5,Lost
16817,24,45,812.13,4,4,4,12,High Value
16818,22,72,1193.17,4,5,4,13,High Value
16823,66,38,358.38,2,3,3,8,Low Value
16824,3,13,222.9,5,2,2,9,Medium Value
16825,24,11,318.7,4,1,2,7,Low Value
16832,23,12,199.15,4,2,1,7,Low Value
16833,98,32,671.29,2,3,4,9,Medium Value
16834,66,24,413.46,2,3,3,8,Low Value
16837,36,86,1814.74,4,5,5,14,High Value
16838,36,25,588.85,4,3,3,10,Medium Value
16839,11,133,7195.17,5,5,5,15,High Value
16841,9,74,1243.24,5,5,4,14,High Value
16842,141,30,520.5699999999999,1,3,3,7,Low Value
16843,15,175,5741.92,5,5,5,15,High Value
16849,25,8,124.57,4,1,1,6,Low Value
16850,172,19,332.41,1,2,2,5,Lost
16852,15,7,113.06,5,1,1,7,Low Value
16859,100,18,259.84,2,2,2,6,Low Value
16869,4,57,387.68,5,4,3,12,High Value
16871,49,106,2037.82,3,5,5,13,High Value
16872,23,3,388.36,4,1,3,8,Low Value
16873,36,54,1075.81,4,4,4,12,High Value
16875,135,46,805.09,1,4,4,9,Medium Value
16877,47,26,77.75,3,3,1,7,Low Value
16880,12,56,421.06,5,4,3,12,High Value
16882,78,15,215.70000000000002,2,2,2,6,Low Value
16883,26,20,144.45,4,2,1,7,Low Value
16889,33,135,1578.67,4,5,5,14,High Value
16892,22,20,102.97999999999999,4,2,1,7,Low Value
16897,138,37,289.78,1,3,2,6,Low Value
16898,16,70,201.69,5,4,1,10,Medium Value
16899,46,25,177.0,3,3,1,7,Low Value
16904,1,331,1639.77,5,5,5,15,High Value
16905,75,46,567.78,2,4,3,9,Medium Value
16906,25,41,392.99,4,4,3,11,Medium Value
16907,73,56,351.19,2,4,2,8,Low Value
16912,46,48,1145.8600000000001,3,4,4,11,Medium Value
16913,129,8,113.44,1,1,1,3,Lost
16915,7,29,208.69,5,3,2,10,Medium Value
16917,115,9,391.52,1,1,3,5,Lost
16918,156,31,275.78,1,3,2,6,Low Value
16919,17,234,1836.5,4,5,5,14,High Value
16923,12,269,3308.77,5,5,5,15,High Value
16927,115,3,123.35,1,1,1,3,Lost
16928,3,110,1336.46,5,5,5,15,High Value
16931,12,361,1722.68,5,5,5,15,High Value
16933,78,20,224.73,2,2,2,6,Low Value
16938,18,214,2386.05,4,5,5,14,High Value
16940,8,186,1868.36,5,5,5,15,High Value
16942,15,142,1068.2,5,5,4,14,High Value
16943,50,33,816.73,3,3,4,10,Medium Value
16945,3,107,1813.91,5,5,5,15,High Value
16947,74,21,406.48,2,2,3,7,Low Value
16948,100,10,240.54000000000002,2,1,2,5,Lost
16949,24,32,893.75,4,3,4,11,Medium Value
16951,143,70,1053.79,1,4,4,9,Medium Value
16954,93,20,594.6800000000001,2,2,3,7,Low Value
16955,23,18,329.57,4,2,2,8,Low Value
16957,78,16,416.64,2,2,3,7,Low Value
16960,91,45,201.53,2,4,1,7,Low Value
16963,26,7,110.55000000000001,4,1,1,6,Low Value
16965,65,26,201.19,2,3,1,6,Low Value
16966,9,22,1486.56,5,3,5,13,High Value
16967,28,21,319.02,4,2,2,8,Low Value
16969,30,27,397.36,4,3,3,10,Medium Value
16976,106,2,251.51999999999998,2,1,2,5,Lost
16979,136,11,347.15,1,1,2,4,Lost
16980,94,81,1028.46,2,5,4,11,Medium Value
16983,19,52,721.73,4,4,4,12,High Value
16985,50,48,1982.04,3,4,5,12,High Value
16987,9,42,629.45,5,4,3,12,High Value
16990,57,1,179.0,3,1,1,5,Lost
16992,38,41,671.15,3,4,4,11,Medium Value
16996,84,15,573.34,2,2,3,7,Low Value
16997,127,12,702.0,1,2,4,7,Low Value
16998,43,3,287.1,3,1,2,6,Low Value
17001,12,86,1812.43,5,5,5,15,High Value
17002,54,30,993.52,3,3,4,10,Medium Value
17007,40,14,255.61,3,2,2,7,Low Value
17015,24,118,520.55,4,5,3,12,High Value
17017,1,111,3073.64,5,5,5,15,High Value
17018,164,6,405.0,1,1,3,5,Lost
17019,100,109,637.11,2,5,3,10,Medium Value
17026,24,1,121.67999999999999,4,1,1,6,Low Value
17027,18,124,645.23,4,5,3,12,High Value
17029,75,1,358.0,2,1,3,6,Low Value
17033,53,6,300.29999999999995,3,1,2,6,Low Value
17034,126,6,141.79999999999998,1,1,1,3,Lost
17035,84,28,433.53000000000003,2,3,3,8,Low Value
17042,35,55,487.59,4,4,3,11,Medium Value
17043,17,27,324.96999999999997,4,3,2,9,Medium Value
17045,86,1,39.95,2,1,1,4,Lost
17047,44,43,749.4300000000001,3,4,4,11,Medium Value
17048,121,38,760.4,1,3,4,8,Low Value
17049,53,73,1581.8,3,5,5,13,High Value
17050,26,278,2617.39,4,5,5,14,High Value
17051,33,42,240.89000000000001,4,4,2,10,Medium Value
17054,46,54,918.82,3,4,4,11,Medium Value
17058,38,49,819.66,3,4,4,11,Medium Value
17059,36,123,775.31,4,5,4,13,High Value
17060,105,5,234.24,2,1,2,5,Lost
17061,7,64,3922.13,5,4,5,14,High Value
17062,152,18,102.64,1,2,1,4,Lost
17063,2,38,671.87,5,3,4,12,High Value
17064,21,42,457.40000000000003,4,4,3,11,Medium Value
17068,28,129,2351.4,4,5,5,14,High Value
17069,65,29,489.87,2,3,3,8,Low Value
17071,26,70,1044.02,4,4,4,12,High Value
17075,92,62,696.07,2,4,4,10,Medium Value
17076,112,7,182.7,1,1,1,3,Lost
17080,108,1,76.32000000000001,1,1,1,3,Lost
17082,157,24,636.94,1,3,3,7,Low Value
17083,134,34,996.02,1,3,4,8,Low Value
17085,89,58,478.46000000000004,2,4,3,9,Medium Value
17088,21,77,1399.1100000000001,4,5,5,14,High Value
17090,66,15,587.85,2,2,3,7,Low Value
17091,24,98,1700.96,4,5,5,14,High Value
17092,116,10,134.9,1,1,1,3,Lost
17094,161,14,302.0,1,2,2,5,Lost
17095,138,34,543.96,1,3,3,7,Low Value
17096,100,9,133.49,2,1,1,4,Lost
17097,163,23,112.92,1,3,1,5,Lost
17101,17,17,230.57999999999998,4,2,2,8,Low Value
17102,100,1,25.5,2,1,1,4,Lost
17105,145,38,319.4,1,3,2,6,Low Value
17107,47,168,4117.36,3,5,5,13,High Value
17109,71,53,464.59000000000003,2,4,3,9,Medium Value
17110,4,12,163.29999999999998,5,2,1,8,Low Value
17114,5,75,489.94,5,5,3,13,High Value
17115,21,32,612.82,4,3,3,10,Medium Value
17117,127,9,116.19999999999999,1,1,1,3,Lost
17118,156,10,157.02,1,1,1,3,Lost
17120,72,18,307.46,2,2,2,6,Low Value
17124,24,31,294.24,4,3,2,9,Medium Value
17126,138,61,299.72,1,4,2,7,Low Value
17128,173,14,157.09,1,2,1,4,Lost
17133,29,14,2478.79,4,2,5,11,Medium Value
17134,103,19,318.7,2,2,2,6,Low Value
17135,128,12,284.97,1,2,2,5,Lost
17138,114,24,380.5,1,3,3,7,Low Value
17139,14,242,5594.87,5,5,5,15,High Value
17140,86,18,454.12,2,2,3,7,Low Value
17142,78,15,579.0,2,2,3,7,Low Value
17146,102,17,265.63,2,2,2,6,Low Value
17147,45,46,973.11,3,4,4,11,Medium Value
17152,33,14,1689.5,4,2,5,11,Medium Value
17155,16,9,143.3,5,1,1,7,Low Value
17157,15,8,161.46,5,1,1,7,Low Value
17158,71,14,284.76,2,2,2,6,Low Value
17159,10,30,528.45,5,3,3,11,Medium Value
17160,64,80,1205.07,2,5,4,11,Medium Value
17162,29,72,1165.28,4,5,4,13,High Value
17164,51,57,943.22,3,4,4,11,Medium Value
17165,123,10,158.68,1,1,1,3,Lost
17166,42,10,127.59,3,1,1,5,Lost
17169,22,18,308.68,4,2,2,8,Low Value
17171,128,16,224.91,1,2,2,5,Lost
17174,56,4,59.9,3,1,1,5,Lost
17175,19,40,821.7,4,4,4,12,High Value
17176,40,15,306.13,3,2,2,7,Low Value
17179,17,60,468.79,4,4,3,11,Medium Value
17180,80,94,552.8,2,5,3,10,Medium Value
17187,65,10,203.95,2,1,1,4,Lost
17188,3,50,1301.45,5,4,4,13,High Value
17190,46,1,195.0,3,1,1,5,Lost
17191,30,73,665.59,4,5,4,13,High Value
17193,15,8,448.56000000000006,5,1,3,9,Medium Value
17194,112,1,10.0,1,1,1,3,Lost
17204,14,57,1564.56,5,4,5,14,High Value
17211,19,66,685.1800000000001,4,4,4,12,High Value
17212,92,4,226.85,2,1,2,5,Lost
17213,155,18,321.1,1,2,2,5,Lost
17214,88,53,440.92,2,4,3,9,Medium Value
17217,73,9,113.5,2,1,1,4,Lost
17218,53,41,342.3,3,4,2,9,Medium Value
17220,45,155,1145.33,3,5,4,12,High Value
17223,149,18,124.05,1,2,1,4,Lost
17226,147,21,393.49,1,2,3,6,Low Value
17227,11,12,331.5,5,2,2,9,Medium Value
17228,46,52,331.63,3,4,2,9,Medium Value
17230,103,28,878.4,2,3,4,9,Medium Value
17231,29,240,1472.74,4,5,5,14,High Value
17234,21,14,149.89000000000001,4,2,1,7,Low Value
17236,18,64,571.45,4,4,3,11,Medium Value
17238,23,192,1161.75,4,5,4,13,High Value
17239,151,15,382.5,1,2,3,6,Low Value
17242,19,29,709.44,4,3,4,11,Medium Value
17243,17,117,2381.35,4,5,5,14,High Value
17245,43,9,171.45,3,1,1,5,Lost
17250,100,23,162.65,2,3,1,6,Low Value
17252,25,85,337.01,4,5,2,11,Medium Value
17255,138,37,108.26,1,3,1,5,Lost
17256,151,12,127.89999999999999,1,2,1,4,Lost
17262,66,8,686.5,2,1,4,7,Low Value
17263,47,23,63.440000000000005,3,3,1,7,Low Value
17265,19,74,377.84000000000003,4,5,3,12,High Value
17268,82,2,276.48,2,1,2,5,Lost
17272,38,79,1409.44,3,5,5,13,High Value
17277,66,69,1065.3500000000001,2,4,4,10,Medium Value
17278,80,15,246.04,2,2,2,6,Low Value
17282,12,84,998.46,5,5,4,14,High Value
17284,5,215,1216.07,5,5,4,14,High Value
17287,44,24,277.64,3,3,2,8,Low Value
17288,46,19,530.14,3,2,3,8,Low Value
17289,19,32,164.45,4,3,1,8,Low Value
17291,147,1,550.8000000000001,1,1,3,5,Lost
17293,147,11,123.21,1,1,1,3,Lost
17299,12,18,151.63,5,2,1,8,Low Value
17302,47,35,303.12,3,3,2,8,Low Value
17306,14,32,4150.64,5,3,5,13,High Value
17311,155,24,556.46,1,3,3,7,Low Value
17314,8,57,1304.05,5,4,4,13,High Value
17315,30,199,2792.53,4,5,5,14,High Value
17320,75,26,459.18,2,3,3,8,Low Value
17323,5,101,426.44,5,5,3,13,High Value
17324,170,11,575.18,1,1,3,5,Lost
17325,119,6,96.8,1,1,1,3,Lost
17329,154,16,243.36,1,2,2,5,Lost
17334,141,11,307.02,1,1,2,4,Lost
17337,49,519,1948.11,3,5,5,13,High Value
17338,44,307,2853.25,3,5,5,13,High Value
17340,31,54,1442.42,4,4,5,13,High Value
17345,35,21,125.38,4,2,1,7,Low Value
17346,17,173,841.92,4,5,4,13,High Value
17348,136,36,160.15,1,3,1,5,Lost
17349,18,8,98.25,4,1,1,6,Low Value
17351,8,19,427.3,5,2,3,10,Medium Value
17356,150,19,178.22,1,2,1,4,Lost
17358,142,17,119.15,1,2,1,4,Lost
17360,23,57,320.9,4,4,2,10,Medium Value
17361,25,17,263.92,4,2,2,8,Low Value
17362,78,35,312.23,2,3,2,7,Low Value
17364,43,191,2085.45,3,5,5,13,High Value
17365,8,252,2336.81,5,5,5,15,High Value
17367,77,33,167.55,2,3,1,6,Low Value
17368,12,64,1584.27,5,4,5,14,High Value
17370,8,8,110.69999999999999,5,1,1,7,Low Value
17372,5,125,689.1,5,5,4,14,High Value
17373,151,17,145.25,1,2,1,4,Lost
17374,57,28,495.77,3,3,3,9,Medium Value
17375,38,48,290.39,3,4,2,9,Medium Value
17376,150,13,105.85,1,2,1,4,Lost
17377,12,75,945.61,5,5,4,14,High Value
17381,18,67,10728.25,4,4,5,13,High Value
17384,58,3,227.65,3,1,2,6,Low Value
17386,4,6,613.32,5,1,3,9,Medium Value
17388,50,2,763.2,3,1,4,8,Low Value
17389,2,83,5838.8,5,5,5,15,High Value
17391,2,3,508.8,5,1,3,9,Medium Value
17392,145,13,145.5,1,2,1,4,Lost
17394,58,4,203.86999999999998,3,1,1,5,Lost
17398,49,31,528.45,3,3,3,9,Medium Value
17400,49,71,882.45,3,4,4,11,Medium Value
17402,5,16,702.34,5,2,4,11,Medium Value
17404,50,65,10019.32,3,4,5,12,High Value
17406,172,92,1482.32,1,5,5,11,Medium Value
17408,2,2,32.65,5,1,1,7,Low Value
17409,23,13,771.85,4,2,4,10,Medium Value
17410,54,15,302.4,3,2,2,7,Low Value
17411,100,16,285.58,2,2,2,6,Low Value
17412,35,14,262.06,4,2,2,8,Low Value
17414,23,5,598.0,4,1,3,8,Low Value
17416,15,148,4385.75,5,5,5,15,High Value
17418,162,12,167.39000000000001,1,2,1,4,Lost
17419,88,83,1671.53,2,5,5,12,High Value
17420,10,14,260.66,5,2,2,9,Medium Value
17422,19,66,1003.11,4,4,4,12,High Value
17423,56,11,449.42,3,1,3,7,Low Value
17426,14,169,3279.23,5,5,5,15,High Value
17428,11,196,7716.69,5,5,5,15,High Value
17429,24,28,376.14,4,3,3,10,Medium Value
17431,152,43,403.3,1,4,3,8,Low Value
17436,65,4,122.39999999999999,2,1,1,4,Lost
17438,92,17,388.45000000000005,2,2,3,7,Low Value
17440,86,3,124.62,2,1,1,4,Lost
17442,3,65,1069.01,5,4,4,13,High Value
17443,58,1,534.24,3,1,3,7,Low Value
17444,11,57,1171.46,5,4,4,13,High Value
17446,15,9,120.9,5,1,1,7,Low Value
17449,73,96,638.43,2,5,3,10,Medium Value
17450,15,127,59136.9,5,5,5,15,High Value
17454,31,52,351.68,4,4,2,10,Medium Value
17455,42,8,131.7,3,1,1,5,Lost
17457,43,11,1397.6399999999999,3,1,5,9,Medium Value
17460,64,20,392.28000000000003,2,2,3,7,Low Value
17462,123,14,463.40999999999997,1,2,3,6,Low Value
17463,15,121,1227.59,5,5,4,14,High Value
17469,43,14,305.36,3,2,2,7,Low Value
17470,56,31,444.71,3,3,3,9,Medium Value
17472,30,174,697.54,4,5,4,13,High Value
17483,22,7,155.10000000000002,4,1,1,6,Low Value
17486,100,24,396.87,2,3,3,8,Low Value
17489,51,16,208.56,3,2,2,7,Low Value
17490,15,18,305.2,5,2,2,9,Medium Value
17491,23,33,997.46,4,3,4,11,Medium Value
17492,87,12,374.57,2,2,3,7,Low Value
17499,128,40,622.88,1,4,3,8,Low Value
17501,59,18,288.6,3,2,2,7,Low Value
17504,45,127,2997.0299999999997,3,5,5,13,High Value
17505,44,26,486.99,3,3,3,9,Medium Value
17507,100,88,605.58,2,5,3,10,Medium Value
17508,119,22,387.31,1,3,3,7,Low Value
17511,16,362,33454.76,5,5,5,15,High Value
17512,39,47,1302.42,3,4,4,11,Medium Value
17515,45,77,571.37,3,5,3,11,Medium Value
17516,56,88,452.01,3,5,3,11,Medium Value
17517,147,11,153.94,1,1,1,3,Lost
17519,12,36,820.8000000000001,5,3,4,12,High Value
17521,38,8,159.56,3,1,1,5,Lost
17522,22,59,787.54,4,4,4,12,High Value
17526,129,4,634.2,1,1,3,5,Lost
17527,57,7,292.11,3,1,2,6,Low Value
17530,45,193,1064.62,3,5,4,12,High Value
17531,29,14,296.7,4,2,2,8,Low Value
17535,119,13,164.4,1,2,1,4,Lost
17536,16,3,76.5,5,1,1,7,Low Value
17537,142,60,620.75,1,4,3,8,Low Value
17540,155,8,268.8,1,1,2,4,Lost
17542,108,25,170.75,1,3,1,5,Lost
17548,72,5,103.3,2,1,1,4,Lost
17550,36,42,267.16,4,4,2,10,Medium Value
17555,173,49,195.45,1,4,1,6,Low Value
17556,44,6,157.9,3,1,1,5,Lost
17560,43,18,486.05,3,2,3,8,Low Value
17562,12,21,300.1,5,2,2,9,Medium Value
17567,72,73,1356.02,2,5,5,12,High Value
17569,171,29,344.14,1,3,2,6,Low Value
17571,116,45,358.3,1,4,3,8,Low Value
17572,77,4,81.4,2,1,1,4,Lost
17574,81,8,185.65,2,1,1,4,Lost
17576,22,156,1400.44,4,5,5,14,High Value
17578,57,5,143.45999999999998,3,1,1,5,Lost
17579,18,11,164.41,4,1,1,6,Low Value
17580,91,42,168.87,2,4,1,7,Low Value
17581,16,157,3956.71,5,5,5,15,High Value
17582,75,29,175.27,2,3,1,6,Low Value
17585,9,132,802.27,5,5,4,14,High Value
17588,11,12,702.24,5,2,4,11,Medium Value
17589,26,126,1211.42,4,5,4,13,High Value
17591,42,71,1242.97,3,4,4,11,Medium Value
17593,5,70,849.36,5,4,4,13,High Value
17594,93,14,315.0,2,2,2,6,Low Value
17596,30,60,896.24,4,4,4,12,High Value
17597,52,55,2044.3700000000001,3,4,5,12,High Value
17601,78,9,116.00999999999999,2,1,1,4,Lost
17602,163,103,767.0500000000001,1,5,4,10,Medium Value
17604,56,63,309.36,3,4,2,9,Medium Value
17609,141,115,531.25,1,5,3,9,Medium Value
17611,8,371,1869.53,5,5,5,15,High Value
17612,53,47,665.75,3,4,4,11,Medium Value
17613,8,226,2820.76,5,5,5,15,High Value
17615,42,11,272.3,3,1,2,6,Low Value
17616,12,2,244.79999999999998,5,1,2,8,Low Value
17618,87,13,346.5,2,2,2,6,Low Value
17619,151,74,214.37,1,5,2,8,Low Value
17621,151,11,662.38,1,1,3,5,Lost
17624,57,25,400.3,3,3,3,9,Medium Value
17625,96,93,542.03,2,5,3,10,Medium Value
17629,10,56,476.47999999999996,5,4,3,12,High Value
17630,8,26,503.59999999999997,5,3,3,11,Medium Value
17631,71,21,302.55,2,2,2,6,Low Value
17634,51,171,1811.29,3,5,5,13,High Value
17639,115,7,108.5,1,1,1,3,Lost
17642,15,26,395.3,5,3,3,11,Medium Value
17644,17,61,954.32,4,4,4,12,High Value
17646,58,42,757.39,3,4,4,11,Medium Value
17648,31,65,1107.39,4,4,4,12,High Value
17651,8,46,705.0,5,4,4,13,High Value
17652,8,134,2349.43,5,5,5,15,High Value
17654,116,22,117.55,1,3,1,5,Lost
17655,49,38,926.6,3,3,4,10,Medium Value
17658,50,9,317.59999999999997,3,1,2,6,Low Value
17659,8,38,782.92,5,3,4,12,High Value
17663,37,38,790.8100000000001,4,3,4,11,Medium Value
17664,51,23,326.19,3,3,2,8,Low Value
17667,50,78,1356.67,3,5,5,13,High Value
17669,9,41,2064.72,5,4,5,14,High Value
17670,66,11,205.7,2,1,2,5,Lost
17671,50,11,392.54999999999995,3,1,3,7,Low Value
17672,148,41,1177.8400000000001,1,4,4,9,Medium Value
17673,1,162,1175.62,5,5,4,14,High Value
17675,1,250,7765.3,5,5,5,15,High Value
17677,14,112,5703.89,5,5,5,15,High Value
17678,102,16,298.11,2,2,2,6,Low Value
17682,31,36,715.91,4,3,4,11,Medium Value
17685,105,42,1049.7,2,4,4,10,Medium Value
17686,39,141,3036.75,3,5,5,13,High Value
17690,25,131,2344.88,4,5,5,14,High Value
17692,65,14,280.2,2,2,2,6,Low Value
17695,10,18,353.6,5,2,2,9,Medium Value
17696,24,29,661.99,4,3,3,10,Medium Value
17697,75,19,338.95,2,2,2,6,Low Value
17698,99,8,154.95,2,1,1,4,Lost
17700,52,64,1125.57,3,4,4,11,Medium Value
17701,91,24,417.95,2,3,3,8,Low Value
17702,2,40,775.13,5,4,4,13,High Value
17704,7,31,885.19,5,3,4,12,High Value
17705,54,25,357.3,3,3,2,8,Low Value
17706,1,137,3375.61,5,5,5,15,High Value
17707,24,5,152.4,4,1,1,6,Low Value
17708,26,34,263.33,4,3,2,9,Medium Value
17709,8,7,137.45,5,1,1,7,Low Value
17711,128,13,220.53000000000003,1,2,2,5,Lost
17714,159,10,153.0,1,1,1,3,Lost
17715,39,1,326.4,3,1,2,6,Low Value
17716,16,127,2626.94,5,5,5,15,High Value
17718,71,6,139.35,2,1,1,4,Lost
17719,18,124,2282.86,4,5,5,14,High Value
17720,64,16,430.38,2,2,3,7,Low Value
17722,28,49,1190.74,4,4,4,12,High Value
17723,11,8,1823.9,5,1,5,11,Medium Value
17725,18,84,1580.1100000000001,4,5,5,14,High Value
17730,2,109,2373.61,5,5,5,15,High Value
17731,22,32,662.5699999999999,4,3,3,10,Medium Value
17733,100,12,216.95000000000002,2,2,2,6,Low Value
17734,72,9,112.97999999999999,2,1,1,4,Lost
17735,4,366,6368.4400000000005,5,5,5,15,High Value
17738,121,41,779.92,1,4,4,9,Medium Value
17739,35,13,710.71,4,2,4,10,Medium Value
17742,171,13,302.57,1,2,2,5,Lost
17744,89,43,911.4399999999999,2,4,4,10,Medium Value
17746,79,6,110.25,2,1,1,4,Lost
17749,17,35,674.52,4,3,4,11,Medium Value
17750,3,39,288.08,5,4,2,11,Medium Value
17754,99,28,264.24,2,3,2,7,Low Value
17757,2,262,2230.26,5,5,5,15,High Value
17758,47,130,1051.88,3,5,4,12,High Value
17759,8,18,167.15,5,2,1,8,Low Value
17763,102,1,15.0,2,1,1,4,Lost
17764,50,17,230.67000000000002,3,2,2,7,Low Value
17765,49,43,258.3,3,4,2,9,Medium Value
17768,5,22,385.83,5,3,3,11,Medium Value
17769,12,150,1498.03,5,5,5,15,High Value
17770,37,38,1143.27,4,3,4,11,Medium Value
17771,162,22,115.8,1,3,1,5,Lost
17774,88,66,594.99,2,4,3,9,Medium Value
17775,93,3,56.4,2,1,1,4,Lost
17781,92,2,102.0,2,1,1,4,Lost
17783,86,30,112.41,2,3,1,6,Low Value
17786,156,25,103.35,1,3,1,5,Lost
17787,143,82,932.24,1,5,4,10,Medium Value
17789,120,14,225.9,1,2,2,5,Lost
17790,37,46,497.46000000000004,4,4,3,11,Medium Value
17795,18,45,342.83,4,4,2,10,Medium Value
17796,152,58,499.45,1,4,3,8,Low Value
17797,21,44,272.41,4,4,2,10,Medium Value
17799,2,247,1904.85,5,5,5,15,High Value
17800,56,26,354.85,3,3,2,8,Low Value
17802,19,63,532.22,4,4,3,11,Medium Value
17809,11,6,1489.2,5,1,5,11,Medium Value
17811,5,389,4160.44,5,5,5,15,High Value
17816,108,1,5.1,1,1,1,3,Lost
17817,116,13,269.7,1,2,2,5,Lost
17819,21,32,2488.35,4,3,5,12,High Value
17827,81,43,309.51,2,4,2,8,Low Value
17828,9,45,863.16,5,4,4,13,High Value
17829,137,30,889.24,1,3,4,8,Low Value
17830,100,16,287.65000000000003,2,2,2,6,Low Value
17837,2,12,119.8,5,2,1,8,Low Value
17838,131,34,752.14,1,3,4,8,Low Value
17841,1,2389,12136.58,5,5,5,15,High Value
17843,142,37,205.48,1,3,2,6,Low Value
17848,8,37,435.63,5,3,3,11,Medium Value
17849,57,26,605.8000000000001,3,3,3,9,Medium Value
17854,24,15,311.26,4,2,2,8,Low Value
17856,72,9,1142.63,2,1,4,7,Low Value
17857,11,15,8374.58,5,2,5,12,High Value
17858,7,42,1547.35,5,4,5,14,High Value
17859,143,23,141.92000000000002,1,3,1,5,Lost
17861,92,42,457.98,2,4,3,9,Medium Value
17862,162,11,330.9,1,1,2,4,Lost
17863,93,45,987.1800000000001,2,4,4,10,Medium Value
17864,114,31,200.85,1,3,1,5,Lost
17865,15,126,3183.83,5,5,5,15,High Value
17867,42,5,604.0500000000001,3,1,3,7,Low Value
17869,54,12,96.64,3,2,1,6,Low Value
17871,43,10,155.9,3,1,1,5,Lost
17873,23,28,1371.97,4,3,5,12,High Value
17874,24,46,683.46,4,4,4,12,High Value
17877,9,12,237.61,5,2,2,9,Medium Value
17879,12,6,178.51999999999998,5,1,1,7,Low Value
17881,143,8,133.35000000000002,1,1,1,3,Lost
17883,85,19,119.35,2,2,1,5,Lost
17884,150,28,268.02,1,3,2,6,Low Value
17886,49,45,377.71,3,4,3,10,Medium Value
17888,51,19,139.3,3,2,1,6,Low Value
17889,51,20,201.37,3,2,1,6,Low Value
17890,161,29,123.88,1,3,1,5,Lost
17891,1,34,203.85999999999999,5,3,1,9,Medium Value
17893,64,15,107.21,2,2,1,5,Lost
17894,124,52,352.0,1,4,2,7,Low Value
17897,11,40,131.14,5,4,1,10,Medium Value
17898,46,20,99.84,3,2,1,6,Low Value
17900,29,6,112.19999999999999,4,1,1,6,Low Value
17906,86,12,72.9,2,2,1,5,Lost
17912,149,2,21.6,1,1,1,3,Lost
17917,95,36,119.55,2,3,1,6,Low Value
17920,39,47,837.68,3,4,4,11,Medium Value
17921,1,68,439.96,5,4,3,12,High Value
17923,121,1,207.50000000000003,1,1,2,4,Lost
17924,140,1,223.20000000000002,1,1,2,4,Lost
17926,42,11,211.73000000000002,3,1,2,6,Low Value
17928,85,17,78.25999999999999,2,2,1,5,Lost
17929,93,3,435.0,2,1,3,6,Low Value
17930,1,20,694.14,5,2,4,11,Medium Value
17931,94,50,297.2,2,4,2,8,Low Value
17932,12,64,934.51,5,4,4,13,High Value
17937,96,11,1173.6,2,1,4,7,Low Value
17940,3,13,3591.04,5,2,5,12,High Value
17946,72,20,149.57999999999998,2,2,1,5,Lost
17949,1,32,29007.98,5,3,5,13,High Value
17954,1,295,1518.82,5,5,5,15,High Value
17955,37,19,557.3,4,2,3,9,Medium Value
17956,88,1,12.75,2,1,1,4,Lost
17960,10,26,73.78,5,3,1,9,Medium Value
17961,8,106,398.7,5,5,3,13,High Value
17965,3,149,1313.29,5,5,5,15,High Value
17966,23,12,283.5,4,2,2,8,Low Value
17969,5,7,103.0,5,1,1,7,Low Value
17970,50,29,562.79,3,3,3,9,Medium Value
17972,80,30,135.19,2,3,1,6,Low Value
17974,58,19,164.07,3,2,1,6,Low Value
17975,31,115,2158.6800000000003,4,5,5,14,High Value
17979,7,94,494.54,5,5,3,13,High Value
17980,4,15,516.25,5,2,3,10,Medium Value
17987,24,13,198.57,4,2,1,7,Low Value
17988,165,13,64.99000000000001,1,2,1,4,Lost
17990,75,17,314.84000000000003,2,2,2,6,Low Value
17991,64,5,93.35,2,1,1,4,Lost
17994,28,74,554.18,4,5,3,12,High Value
17995,120,2,76.1,1,1,1,3,Lost
17997,3,17,322.53,5,2,2,9,Medium Value
18008,42,27,2065.41,3,3,5,11,Medium Value
18009,74,31,247.39,2,3,2,7,Low Value
18010,95,14,174.8,2,2,1,5,Lost
18016,25,38,326.21,4,3,2,9,Medium Value
18017,8,2,344.0,5,1,2,8,Low Value
18018,38,2,37.45,3,1,1,5,Lost
18032,173,5,73.5,1,1,1,3,Lost
18036,84,39,109.95,2,4,1,7,Low Value
18037,64,11,29.52,2,1,1,4,Lost
18040,84,12,239.0,2,2,2,6,Low Value
18041,22,146,2041.72,4,5,5,14,High Value
18043,45,31,133.68,3,3,1,7,Low Value
18044,5,71,1031.28,5,4,4,13,High Value
18048,42,7,172.29000000000002,3,1,1,5,Lost
18055,42,70,1611.41,3,4,5,12,High Value
18056,127,19,363.65,1,2,3,6,Low Value
18061,21,23,933.21,4,3,4,11,Medium Value
18062,12,27,720.52,5,3,4,12,High Value
18064,74,2,408.0,2,1,3,6,Low Value
18065,22,62,1067.13,4,4,4,12,High Value
18068,128,1,101.69999999999999,1,1,1,3,Lost
18069,19,234,978.32,4,5,4,13,High Value
18071,96,11,194.05,2,1,1,4,Lost
18072,24,18,247.44,4,2,2,8,Low Value
18073,4,33,1381.28,5,3,5,13,High Value
18075,2,71,1354.0,5,4,5,14,High Value
18077,12,65,709.4399999999999,5,4,4,13,High Value
18078,56,29,336.13,3,3,2,8,Low Value
18079,77,29,1612.83,2,3,5,10,Medium Value
18080,81,1,841.4999999999999,2,1,4,7,Low Value
18085,169,20,386.05,1,2,3,6,Low Value
18086,113,7,101.34,1,1,1,3,Lost
18087,129,1,3202.9199999999996,1,1,5,7,Low Value
18092,23,20,1817.4,4,2,5,11,Medium Value
18093,136,23,1117.52,1,3,4,8,Low Value
18094,57,38,1777.2,3,3,5,11,Medium Value
18095,151,21,580.0500000000001,1,2,3,6,Low Value
18097,44,49,1274.04,3,4,4,11,Medium Value
18102,17,101,78766.94,4,5,5,14,High Value
18106,168,37,421.9,1,3,3,7,Low Value
18108,93,17,271.0,2,2,2,6,Low Value
18109,12,204,2676.84,5,5,5,15,High Value
18112,5,12,196.64,5,2,1,8,Low Value
18114,129,28,220.1,1,3,2,6,Low Value
18116,73,181,578.1800000000001,2,5,3,10,Medium Value
18118,7,664,3322.62,5,5,5,15,High Value
18120,53,17,111.15,3,2,1,6,Low Value
18125,40,168,933.9,3,5,4,12,High Value
18129,82,14,112.55000000000001,2,2,1,5,Lost
18133,51,1,931.4999999999999,3,1,4,8,Low Value
18135,29,10,109.82000000000001,4,1,1,6,Low Value
18136,50,32,600.85,3,3,3,9,Medium Value
18138,134,8,152.65,1,1,1,3,Lost
18142,54,9,282.48,3,1,2,6,Low Value
18144,51,20,1103.0,3,2,4,9,Medium Value
18145,43,67,1023.78,3,4,4,11,Medium Value
18146,59,4,76.65,3,1,1,5,Lost
18149,54,14,549.68,3,2,3,8,Low Value
18150,40,14,227.57999999999998,3,2,2,7,Low Value
18151,128,17,312.55,1,2,2,5,Lost
18155,9,19,266.56,5,2,2,9,Medium Value
18159,140,23,530.15,1,3,3,7,Low Value
18160,39,19,318.55,3,2,2,7,Low Value
18161,91,27,546.3199999999999,2,3,3,8,Low Value
18165,16,10,302.46000000000004,5,1,2,8,Low Value
18168,15,91,710.1,5,5,4,14,High Value
18170,56,11,304.21,3,1,2,6,Low Value
18171,1,37,684.4200000000001,5,3,4,12,High Value
18172,50,93,3720.16,3,5,5,13,High Value
18173,38,25,1728.8400000000001,3,3,5,11,Medium Value
18177,43,42,713.1,3,4,4,11,Medium Value
18178,58,52,799.29,3,4,4,11,Medium Value
18179,91,54,1103.16,2,4,4,10,Medium Value
18183,66,37,632.07,2,3,3,8,Low Value
18185,88,17,304.25,2,2,2,6,Low Value
18188,129,16,426.6,1,2,3,6,Low Value
18189,106,40,633.1,2,4,3,9,Medium Value
18190,31,15,284.46000000000004,4,2,2,8,Low Value
18191,100,7,207.79999999999998,2,1,2,5,Lost
18193,4,16,243.76,5,2,2,9,Medium Value
18196,129,78,450.78,1,5,3,9,Medium Value
18198,8,100,3812.3100000000004,5,5,5,15,High Value
18202,38,68,1396.99,3,4,5,12,High Value
18204,31,88,540.98,4,5,3,12,High Value
18210,106,5,142.4,2,1,1,4,Lost
18211,117,8,137.9,1,1,1,3,Lost
18212,165,34,216.07,1,3,2,6,Low Value
18213,75,15,232.48000000000002,2,2,2,6,Low Value
18218,50,20,641.92,3,2,3,8,Low Value
18219,7,45,791.22,5,4,4,13,High Value
18220,65,2,305.28000000000003,2,1,2,5,Lost
18221,23,30,537.01,4,3,3,10,Medium Value
18223,11,131,2631.65,5,5,5,15,High Value
18224,102,10,158.95000000000002,2,1,1,4,Lost
18225,43,93,1638.07,3,5,5,13,High Value
18226,24,113,2600.34,4,5,5,14,High Value
18227,56,5,93.75,3,1,1,5,Lost
18229,10,61,2967.04,5,4,5,14,High Value
18230,12,57,1643.2800000000002,5,4,5,14,High Value
18231,31,123,2071.77,4,5,5,14,High Value
18232,31,24,370.98,4,3,3,10,Medium Value
18233,164,1,440.0,1,1,3,5,Lost
18235,56,29,430.46000000000004,3,3,3,9,Medium Value
18236,25,18,304.5,4,2,2,8,Low Value
18239,57,59,1123.51,3,4,4,11,Medium Value
18241,3,29,487.83,5,3,3,11,Medium Value
18242,35,26,694.08,4,3,4,11,Medium Value
18245,50,65,940.56,3,4,4,11,Medium Value
18246,72,2,232.9,2,1,2,5,Lost
18248,25,28,496.46000000000004,4,3,3,10,Medium Value
18250,149,21,349.27,1,2,2,5,Lost
18252,10,3,69.89999999999999,5,1,1,7,Low Value
18257,7,43,935.6,5,4,4,13,High Value
18260,11,122,2397.65,5,5,5,15,High Value
18263,91,15,307.59999999999997,2,2,2,6,Low Value
18270,105,5,111.95,2,1,1,4,Lost
18272,64,55,980.54,2,4,4,10,Medium Value
18273,96,1,51.0,2,1,1,4,Lost
18280,116,10,180.60000000000002,1,1,1,3,Lost
18281,19,7,80.82,4,1,1,6,Low Value
18283,8,322,812.04,5,5,4,14,High Value
18287,40,29,765.28,3,3,4,10,Medium Value
